first_name,second_name,Position,goals_scored,assists,total_points,minutes,goals_conceded,creativity,influence,threat,bonus,bps,ict_index,clean_sheets,red_cards,yellow_cards,selected_by_percent,now_cost,team_id,team_name,team_rank
Mesut,Özil,2,0,0,0,0,0,0,0,0,0,0,0,0,0,0,0.5,67,1,Arsenal,8
Sokratis,Papastathopoulos,1,0,0,0,0,0,0,0,0,0,0,0,0,0,0,0.1,48,1,Arsenal,8
David,Luiz Moreira Marinho,1,1,0,41,1396,20,46.7,250.6,144,0,230,43.9,3,1,1,0.8,54,1,Arsenal,8
Pierre-Emerick,Aubameyang,2,10,3,131,2330,26,361.5,493.8,823,11,358,167.4,10,0,2,7.2,113,1,Arsenal,8
Cédric,Soares,1,0,1,28,744,11,114.8,110.8,66,3,125,29.2,2,0,1,0.3,46,1,Arsenal,8
Alexandre,Lacazette,3,13,3,129,1916,21,307.4,602.4,797,21,452,170.4,7,0,3,4.3,84,1,Arsenal,8
Shkodran,Mustafi,1,0,0,3,45,1,1,11.6,0,0,16,1.3,0,0,0,0,50,1,Arsenal,8
Bernd,Leno,0,0,0,131,3131,37,0,702.2,2,11,625,70.3,11,1,0,7.3,50,1,Arsenal,8
Granit,Xhaka,2,1,2,70,2519,27,327.6,456,154,1,396,94,10,1,7,0.4,52,1,Arsenal,8
Pablo,Marí,1,0,0,34,900,8,26.4,163.2,16,1,182,20.6,4,0,2,0.1,44,1,Arsenal,8
Héctor,Bellerín,1,1,3,94,2089,24,351.8,362.8,232,17,421,94.7,7,0,8,3.5,50,1,Arsenal,8
Calum,Chambers,1,0,3,36,751,10,169.4,171.8,77,3,168,41.9,2,0,0,0.2,45,1,Arsenal,8
Sead,Kolasinac,1,0,0,2,90,1,5.4,3.6,4,0,9,1.3,0,0,0,0.1,48,1,Arsenal,8
Rob,Holding,1,0,1,105,2557,26,76.1,602.6,97,10,536,77.7,11,0,2,4.7,43,1,Arsenal,8
Kieran,Tierney,1,1,4,96,2299,27,490.1,446.4,201,4,483,113.9,8,0,4,4.3,52,1,Arsenal,8
Nicolas,Pépé,2,10,3,114,1606,21,235.9,476.2,774,11,351,148.5,4,1,1,2.4,77,1,Arsenal,8
Lucas,Torreira,2,0,0,0,0,0,0,0,0,0,0,0,0,0,0,0.1,47,1,Arsenal,8
Reiss,Nelson,2,0,0,2,70,0,9.7,4.2,10,0,2,2.4,0,0,0,0,51,1,Arsenal,8
Edward,Nketiah,3,2,1,36,411,6,97.3,116.6,211,5,120,42.1,1,0,0,0.5,53,1,Arsenal,8
Emile,Smith Rowe,2,2,5,74,1438,10,385.1,273.2,222,3,308,88.1,9,0,0,3.5,42,1,Arsenal,8
Bukayo,Saka,2,5,5,114,2554,31,650.6,493,984,8,414,212.7,8,0,1,7.2,51,1,Arsenal,8
Matteo,Guendouzi,2,0,0,0,0,0,0,0,0,0,0,0,0,0,0,0.1,47,1,Arsenal,8
Gabriel Teodoro,Martinelli Silva,2,2,1,36,582,3,133.8,142.6,300,0,107,57.5,4,0,0,0.3,49,1,Arsenal,8
William,Saliba,1,0,0,0,0,0,0,0,0,0,0,0,0,0,0,0.4,40,1,Arsenal,8
Mathew,Ryan,0,0,0,37,1260,21,10.7,193.6,2,0,216,20.6,3,0,1,5.6,41,1,Arsenal,8
Willian,Borges Da Silva,2,1,7,78,1398,17,534.8,256.2,228,9,306,102.3,3,0,0,2.7,75,1,Arsenal,8
Gabriel,Magalhães,1,2,0,78,1996,24,51,464.8,233,7,385,74.9,6,1,2,4.6,49,1,Arsenal,8
Daniel,Ceballos Fernández,2,0,4,62,1609,17,422.3,359.8,141,7,331,92.4,6,0,4,0.7,47,1,Arsenal,8
Mohamed Naser,El Sayed Elneny,2,1,0,50,1538,20,99.9,200.2,79,3,258,37.8,5,0,3,1.3,42,1,Arsenal,8
Matt,Macey,0,0,0,0,0,0,0,0,0,0,0,0,0,0,0,0.9,40,1,Arsenal,8
Rúnar Alex,Rúnarsson,0,0,0,1,15,0,0,16.6,0,0,8,1.7,0,0,0,0.1,44,1,Arsenal,8
Thomas,Partey,2,0,2,47,1529,18,195.7,289.4,129,0,273,61.7,6,0,5,0.3,49,1,Arsenal,8
Martin,Ødegaard,2,1,2,40,861,12,322.8,169.8,167,3,183,65.9,3,0,0,0.6,56,1,Arsenal,8
Miguel,Azeez,2,0,0,0,0,0,0,0,0,0,0,0,0,0,0,0,45,1,Arsenal,8
Emiliano,Martínez,0,0,0,186,3420,46,20,1067.2,0,27,825,108.5,15,0,1,37.9,53,1,Arsenal,8
Tom,Heaton,0,0,0,0,0,0,0,0,0,0,0,0,0,0,0,0.1,45,2,Aston Villa,11
Ahmed,El Mohamady,1,0,0,33,833,9,201.8,170.4,65,4,190,43.9,3,0,2,0.3,42,2,Aston Villa,11
Henri,Lansbury,2,0,0,0,0,0,0,0,0,0,0,0,0,0,0,0.1,43,2,Aston Villa,11
Neil,Taylor,1,0,0,-1,15,2,0.7,0.8,0,0,1,0.2,0,0,1,0.2,42,2,Aston Villa,11
Jed,Steer,0,0,0,0,0,0,0,0,0,0,0,0,0,0,0,4.4,39,2,Aston Villa,11
Conor,Hourihane,2,1,1,20,225,2,82.9,65.4,33,3,70,18.2,2,0,0,0.1,59,2,Aston Villa,11
José Ignacio,Peleteiro Romallo,2,0,0,0,0,0,0,0,0,0,0,0,0,0,0,0,59,2,Aston Villa,11
Ørjan,Nyland,0,0,0,0,0,0,0,0,0,0,0,0,0,0,0,3.3,40,2,Aston Villa,11
Bjorn,Engels,1,0,0,0,0,0,0,0,0,0,0,0,0,0,0,0.1,44,2,Aston Villa,11
Jack,Grealish,2,6,12,135,2183,28,1029.6,707.4,917,13,531,265.3,12,0,6,14.6,75,2,Aston Villa,11
John,McGinn,2,3,7,114,3330,46,600.5,579,361,2,492,154.1,14,0,12,1.1,55,2,Aston Villa,11
Kortney,Hause,1,1,0,32,630,6,2.2,147,57,3,124,20.7,3,0,2,0.1,44,2,Aston Villa,11
Mahmoud Ahmed,Ibrahim Hassan,2,2,1,56,1157,14,180.1,213.6,478,3,152,86.7,6,0,0,0.4,52,2,Aston Villa,11
Tyrone,Mings,1,2,2,128,3194,42,97.3,798.4,293,8,633,119.3,14,1,4,7.8,54,2,Aston Villa,11
Matt,Targett,1,0,4,138,3404,44,607,690.4,122,9,710,142.2,16,0,7,12,50,2,Aston Villa,11
James,Bree,1,0,0,0,0,0,0,0,0,0,0,0,0,0,0,0,45,2,Aston Villa,11
Marvelous,Nakamba,2,0,1,27,747,6,32.5,110.8,10,1,115,15.4,4,0,3,0.4,43,2,Aston Villa,11
Anwar,El Ghazi,2,10,0,111,1604,22,426.1,500.4,726,13,339,165.1,5,0,2,1.2,52,2,Aston Villa,11
Ezri,Konsa Ngoyo,1,2,0,119,3195,46,34.2,695.6,276,8,580,101,12,0,3,6.2,46,2,Aston Villa,11
Frédéric,Guilbert,1,0,0,0,0,0,0,0,0,0,0,0,0,0,0,0.1,43,2,Aston Villa,11
Wesley,Moraes,3,0,0,3,15,1,1.1,5,17,0,11,2.3,0,0,0,0,60,2,Aston Villa,11
Mbwana,Samatta,3,0,0,0,0,0,0,0,0,0,0,0,0,0,0,0,59,2,Aston Villa,11
Keinan,Davis,3,1,1,23,265,1,76.7,77.2,169,0,85,31.7,1,0,0,7.6,42,2,Aston Villa,11
Indiana,Vassilev,3,0,0,0,0,0,0,0,0,0,0,0,0,0,0,0.5,43,2,Aston Villa,11
Douglas Luiz,Soares de Paulo,2,0,2,72,2781,41,304.5,403.4,189,0,358,90,12,1,8,0.2,48,2,Aston Villa,11
Ross,Barkley,2,3,2,76,1566,24,579.3,274.2,431,4,286,128.6,8,0,0,0.7,58,2,Aston Villa,11
Matthew,Cash,1,0,2,89,2373,35,352.9,520.8,110,8,468,98.7,11,1,6,0.7,50,2,Aston Villa,11
Ollie,Watkins,3,14,9,168,3328,46,610.4,815.4,1721,18,531,314,14,1,2,22.1,63,2,Aston Villa,11
Bertrand,Traoré,2,7,7,135,2315,31,530.6,528.4,917,7,407,197.6,11,0,1,0.7,58,2,Aston Villa,11
Jacob,Ramsey,2,0,0,28,611,10,91.7,72.8,126,0,75,28.9,2,0,0,0.1,45,2,Aston Villa,11
Morgan,Sanson,2,0,0,10,288,4,28.8,25.8,10,0,29,6.2,1,0,3,0,55,2,Aston Villa,11
Kaine,Hayden,2,0,0,0,0,0,0,0,0,0,0,0,0,0,0,0,45,2,Aston Villa,11
Carney,Chukwuemeka,2,0,0,2,18,0,1.1,1,5,0,7,0.6,0,0,0,0,45,2,Aston Villa,11
Jaden,Philogene-Bidace,2,0,0,1,1,0,0.5,0,0,0,2,0.1,0,0,0,0,44,2,Aston Villa,11
Glenn,Murray,3,0,0,0,0,0,0,0,0,0,0,0,0,0,0,0.1,48,4,Brighton,16
Adam,Lallana,2,1,1,58,1584,18,355.7,255.2,302,2,265,91,5,0,0,0.3,62,4,Brighton,16
Pascal,Groß,2,3,8,116,2479,28,1087.8,620.4,415,11,525,212.3,10,0,3,0.4,58,4,Brighton,16
Shane,Duffy,1,0,0,0,0,0,0,0,0,0,0,0,0,0,0,0,43,4,Brighton,16
Davy,Pröpper,2,0,0,9,209,2,5.1,24,52,0,38,8.2,0,0,0,0,47,4,Brighton,16
Aaron,Mooy,2,0,0,0,0,0,0,0,0,0,0,0,0,0,0,0,50,4,Brighton,16
Dan,Burn,1,1,0,64,2057,28,183.1,389,214,1,330,78.2,6,0,5,0.7,42,4,Brighton,16
Lewis,Dunk,1,5,0,130,2932,40,136.7,720.4,443,17,626,130.2,11,2,5,5.9,48,4,Brighton,16
Martín,Montoya,1,0,0,0,0,0,0,0,0,0,0,0,0,0,0,0,45,4,Brighton,16
Florin,Andone,3,0,0,0,0,0,0,0,0,0,0,0,0,0,0,0.1,48,4,Brighton,16
Solomon,March,2,2,2,69,1670,25,414.3,368.6,322,6,283,110.5,7,0,0,0.4,49,4,Brighton,16
Adam,Webster,1,1,0,85,2594,35,96.6,505.4,244,0,470,84.6,9,0,4,1,43,4,Brighton,16
Joël,Veltman,1,1,1,96,2280,27,366,484.4,169,10,432,102.1,9,0,3,1.3,43,4,Brighton,16
Neal,Maupay,3,8,2,105,2508,34,443.2,442.2,1103,12,334,198.5,10,1,1,2.1,58,4,Brighton,16
Leandro,Trossard,2,5,6,132,2602,30,725.1,543.4,759,15,406,202.8,12,0,2,1.8,55,4,Brighton,16
Alireza,Jahanbakhsh,2,0,1,24,520,9,162.8,73.2,221,0,102,45.5,1,0,3,0,54,4,Brighton,16
José,Izquierdo,2,0,0,1,8,0,1.3,3.2,7,0,2,1.2,0,0,0,0,55,4,Brighton,16
Matthew,Clarke,1,0,0,0,0,0,0,0,0,0,0,0,0,0,0,0,44,4,Brighton,16
Ben,White,1,0,0,104,3192,44,152.5,488.6,153,5,571,79.7,12,1,3,1.9,45,4,Brighton,16
Bernardo,Fernandes da Silva Junior,1,0,0,5,205,3,32.4,27.2,69,0,30,12.8,0,0,0,4,39,4,Brighton,16
Yves,Bissouma,2,1,0,77,3112,42,295.5,523.6,196,2,487,101.1,11,1,8,1.6,44,4,Brighton,16
Tariq,Lamptey,1,1,3,35,887,15,162.9,147.8,156,2,156,46.7,2,1,2,2.2,46,4,Brighton,16
Aaron,Connolly,3,2,1,38,783,17,74.1,104.2,307,2,95,48.2,1,0,0,0.3,52,4,Brighton,16
Steven,Alzate,2,1,0,35,892,17,154.9,132.2,88,3,141,37.6,5,0,2,0.9,41,4,Brighton,16
Alexis,Mac Allister,2,1,1,48,1108,14,210.6,170.6,235,3,148,61.5,5,0,1,0,53,4,Brighton,16
Christian,Walton,0,0,0,0,0,0,0,0,0,0,0,0,0,0,0,1.1,40,4,Brighton,16
Jason,Steele,0,0,0,0,0,0,0,0,0,0,0,0,0,0,0,0.8,39,4,Brighton,16
Jayson,Molumby,2,0,0,1,1,0,0,0,0,0,3,0,0,0,0,0,45,4,Brighton,16
Andi,Zeqiri,3,0,0,9,164,2,18.8,16,107,0,25,14.2,0,0,0,0.1,50,4,Brighton,16
Danny,Welbeck,3,6,4,89,1541,18,269.7,319.8,595,15,286,117.7,6,0,0,0.6,55,4,Brighton,16
Robert,Sánchez,0,0,0,101,2430,27,10,542.2,4,8,514,55.8,10,0,2,3.4,45,4,Brighton,16
Percy,Tau,2,0,1,7,101,2,35.8,26.8,6,0,31,6.9,0,0,0,0,49,4,Brighton,16
Jakub,Moder,2,0,0,21,643,10,62.2,63.8,162,0,59,28.8,2,0,0,0,50,4,Brighton,16
Reda,Khadra,2,0,0,1,4,0,0,0,2,0,3,0.2,0,0,0,0,45,4,Brighton,16
Teddy,Jenks,2,0,0,0,0,0,0,0,0,0,0,0,0,0,0,0,45,4,Brighton,16
Max,Sanders,2,0,0,0,0,0,0,0,0,0,0,0,0,0,0,0,45,4,Brighton,16
Jensen,Weir,2,0,0,0,0,0,0,0,0,0,0,0,0,0,0,0,45,4,Brighton,16
Thomas,McGill,0,0,0,0,0,0,0,0,0,0,0,0,0,0,0,0.3,39,4,Brighton,16
Michal,Karbownik,1,0,0,0,0,0,0,0,0,0,0,0,0,0,0,0,45,4,Brighton,16
Moisés,Caicedo,2,0,0,0,0,0,0,0,0,0,0,0,0,0,0,0,50,4,Brighton,16
Dale,Stephens,2,0,0,8,257,4,8.3,31,41,0,33,8,0,0,1,3.1,42,5,Burnley,17
James,Tarkowski,1,1,0,109,3240,50,148,773.4,350,9,534,127.7,11,0,6,3,53,5,Burnley,17
Phil,Bardsley,1,0,0,2,273,8,12.9,39.4,6,0,28,5.9,0,0,2,0.2,44,5,Burnley,17
Erik,Pieters,1,0,3,50,1260,19,77,199.4,63,5,203,34,3,0,1,0.4,43,5,Burnley,17
Jack,Cork,2,0,0,33,1350,24,126.2,140,82,0,154,34.9,4,0,2,0,50,5,Burnley,17
Kevin,Long,1,0,0,14,636,13,12,102.6,25,1,85,14,1,0,2,0.1,43,5,Burnley,17
Jay,Rodriguez,3,1,3,54,1248,25,97.4,149.8,449,2,125,68.9,4,0,3,0.3,57,5,Burnley,17
Ashley,Barnes,3,3,0,52,1324,19,243.6,153.8,548,7,107,93.8,6,0,4,0.2,60,5,Burnley,17
Ben,Mee,1,2,0,102,2693,41,71.6,691,312,7,500,107.9,10,0,3,2.9,47,5,Burnley,17
Ashley,Westwood,2,3,4,112,3410,55,843.2,559.2,156,5,585,156.1,11,0,7,0.7,53,5,Burnley,17
Johann Berg,Gudmundsson,2,2,0,50,1358,24,160.8,193.6,170,3,175,52.3,3,0,2,0,54,5,Burnley,17
Chris,Wood,3,12,3,138,2741,43,323.2,595.8,1129,16,395,204,9,0,0,5.6,66,5,Burnley,17
Matthew,Lowton,1,1,1,103,3060,47,380.8,551.2,125,6,545,105.8,10,0,5,2.5,44,5,Burnley,17
Matej,Vydra,3,3,2,62,1359,24,194,197.4,491,2,194,87.3,3,0,0,1.5,48,5,Burnley,17
Ben,Gibson,1,0,0,0,0,0,0,0,0,0,0,0,0,0,0,0.1,39,5,Burnley,17
Robbie,Brady,2,1,1,44,1047,6,133.9,174.2,168,3,157,47.2,7,0,3,0,50,5,Burnley,17
Nick,Pope,0,0,0,144,2880,37,20,846.6,2,20,652,86.8,11,0,1,9.6,55,5,Burnley,17
Charlie,Taylor,1,0,2,83,2425,42,248.5,494.4,52,5,451,79.5,8,0,1,1.4,44,5,Burnley,17
Josh,Brownhill,2,0,1,74,2812,42,309.1,350.4,384,0,359,104.5,10,0,2,0.1,49,5,Burnley,17
Bailey,Peacock-Farrell,0,0,0,3,360,14,0,82.6,0,0,49,8.2,0,0,0,1.1,40,5,Burnley,17
Dwight,McNeil,2,2,5,113,3068,50,790.3,591.8,277,8,493,166.3,11,0,1,0.5,57,5,Burnley,17
Jimmy,Dunne,1,1,0,9,270,6,22.1,79.6,81,0,50,18.3,0,0,1,4.1,38,5,Burnley,17
Bobby,Thomas,1,0,0,0,0,0,0,0,0,0,0,0,0,0,0,0.4,39,5,Burnley,17
Josh,Benson,2,0,0,10,260,7,7.9,16,13,0,27,3.7,1,0,0,0,44,5,Burnley,17
Anthony,Driscoll-Glennon,1,0,0,0,0,0,0,0,0,0,0,0,0,0,0,0.1,39,5,Burnley,17
Mace,Goodridge,2,0,0,0,0,0,0,0,0,0,0,0,0,0,0,0,45,5,Burnley,17
Will,Norris,0,0,0,3,180,4,10,15.2,0,0,20,2.6,0,0,0,0.1,40,5,Burnley,17
Max,Thompson,3,0,0,0,0,0,0,0,0,0,0,0,0,0,0,0.1,45,5,Burnley,17
Lewis,Richardson,3,0,0,2,3,0,0,0,0,0,5,0,0,0,0,0.1,45,5,Burnley,17
Anthony,Mancini,2,0,0,0,0,0,0,0,0,0,0,0,0,0,0,0,44,5,Burnley,17
Joel,Mumbongo,3,0,0,3,37,1,1.8,0,0,0,5,0.1,0,0,1,0,45,5,Burnley,17
Richard,Nartey,1,0,0,0,0,0,0,0,0,0,0,0,0,0,0,0,40,5,Burnley,17
Willy,Caballero,0,0,0,1,90,3,0,4.2,0,0,7,0.4,0,0,0,0.2,46,6,Chelsea,4
César,Azpilicueta,1,1,2,113,2187,20,413.3,502.2,164,12,518,107.9,13,1,5,6.4,58,6,Chelsea,4
Olivier,Giroud,3,4,0,47,740,5,112,161.4,403,6,139,67.2,4,0,1,1.1,67,6,Chelsea,4
Marcos,Alonso,1,2,1,57,958,13,204.1,224.2,328,5,225,75.6,5,0,2,2.2,56,6,Chelsea,4
Jorge Luiz,Frello Filho,2,7,2,114,2006,17,383.5,588.8,175,15,485,114.9,14,0,2,4.7,47,6,Chelsea,4
Mateo,Kovacic,2,0,1,54,1809,26,384.8,332.4,153,0,332,87,9,0,4,0.3,53,6,Chelsea,4
Antonio,Rüdiger,1,1,0,93,1710,10,83.8,368.6,201,9,429,65.4,11,0,0,5.6,47,6,Chelsea,4
Kurt,Zouma,1,5,0,108,2027,25,72.6,577.8,339,6,481,99,9,0,3,8,53,6,Chelsea,4
Emerson,Palmieri dos Santos,1,0,0,7,88,0,7.7,17.4,2,0,24,2.7,1,0,0,0.1,47,6,Chelsea,4
Kepa,Arrizabalaga,0,0,0,26,585,8,0,113.6,0,5,117,11.3,2,0,1,0.6,47,6,Chelsea,4
N'Golo,Kanté,2,0,2,62,2140,24,347.3,449,96,0,375,89.7,10,0,7,2.4,49,6,Chelsea,4
Hakim,Ziyech,2,2,3,70,1164,7,485.6,274.8,369,8,239,112.8,10,0,3,2.1,79,6,Chelsea,4
Andreas,Christensen,1,0,0,61,1371,17,80.9,293.4,34,9,323,40.9,8,1,2,1.1,47,6,Chelsea,4
Timo,Werner,3,6,12,128,2598,29,532.4,514.8,1276,7,394,232.5,13,0,2,10.8,92,6,Chelsea,4
Tammy,Abraham,3,6,2,69,1031,12,121.6,277.2,483,8,224,86.6,5,0,0,2,71,6,Chelsea,4
Christian,Pulisic,2,4,3,82,1731,21,378.8,361.4,724,3,264,146.2,7,0,2,2.8,83,6,Chelsea,4
Mason,Mount,2,6,7,147,2887,32,1336.9,770.4,954,16,599,306.3,14,0,2,17.3,73,6,Chelsea,4
Fikayo,Tomori,1,0,0,0,45,2,0.1,26.6,0,0,8,2.7,0,0,0,0.2,47,6,Chelsea,4
Callum,Hudson-Odoi,2,2,3,59,1050,5,471.5,291.8,336,2,239,109.9,6,0,0,0.4,57,6,Chelsea,4
Reece,James,1,1,3,112,2367,29,697.3,527.4,399,15,572,162.8,9,0,3,6.9,51,6,Chelsea,4
Billy,Gilmour,2,0,0,8,259,2,50.9,36,8,0,38,9.5,1,0,0,0.1,43,6,Chelsea,4
Benjamin,Chilwell,1,3,6,139,2286,23,535.8,545,408,11,549,148.5,12,0,3,14.6,59,6,Chelsea,4
Thiago,Thiago,1,2,0,92,1935,25,84.9,537.8,223,10,481,84.5,10,1,3,2.8,56,6,Chelsea,4
Kai,Havertz,2,4,6,91,1512,15,307.7,325,514,3,268,114.2,8,0,2,3.1,83,6,Chelsea,4
Edouard,Mendy,0,0,0,140,2745,25,0,470.2,0,8,613,47.2,16,0,2,10.9,53,6,Chelsea,4
Karlo,Ziger,0,0,0,0,0,0,0,0,0,0,0,0,0,0,0,0.6,40,6,Chelsea,4
Faustino,Anjorin,2,0,0,0,0,0,0,0,0,0,0,0,0,0,0,0,45,6,Chelsea,4
Valentino,Livramento,1,0,0,0,0,0,0,0,0,0,0,0,0,0,0,0,40,6,Chelsea,4
Michy,Batshuayi,3,2,2,41,717,15,113.5,132.8,210,2,113,45.5,2,0,0,0.6,57,7,Crystal Palace,14
Gary,Cahill,1,1,1,53,1800,39,90.1,406.2,157,6,308,65.7,4,0,3,0.2,45,7,Crystal Palace,14
Wayne,Hennessey,0,0,0,0,0,0,0,0,0,0,0,0,0,0,0,0.3,43,7,Crystal Palace,14
Mamadou,Sakho,1,0,0,4,275,8,1.6,36.6,6,0,33,4.5,0,0,0,0.1,44,7,Crystal Palace,14
Vicente,Guaita,0,0,0,124,3330,64,0,819.4,0,15,639,82.2,8,0,2,3.6,48,7,Crystal Palace,14
James,Tomkins,1,0,0,18,551,12,11.4,101.2,29,2,97,14.1,2,0,1,0,44,7,Crystal Palace,14
James,McArthur,2,0,2,45,1465,26,202.2,285.2,65,3,228,55.2,4,0,3,0.1,52,7,Crystal Palace,14
James,McCarthy,2,0,0,26,816,15,87.2,112.2,10,0,129,20.9,2,0,1,0.7,43,7,Crystal Palace,14
Christian,Benteke,3,10,2,106,1808,34,236.5,512.6,1030,14,338,177.7,5,1,1,1.3,55,7,Crystal Palace,14
Cheikhou,Kouyaté,2,1,0,82,3121,56,103,574.8,134,2,438,81.3,8,0,4,0.3,48,7,Crystal Palace,14
Joel,Ward,1,0,1,66,2255,43,118.2,366.8,28,6,353,51.3,7,0,5,1.2,43,7,Crystal Palace,14
Martin,Kelly,1,0,0,1,1,0,0,2.2,0,0,3,0.2,0,0,0,0.2,41,7,Crystal Palace,14
Connor,Wickham,3,0,0,0,0,0,0,0,0,0,0,0,0,0,0,0.5,44,7,Crystal Palace,14
Andros,Townsend,2,1,5,94,2250,37,694.6,511.4,311,8,378,152.1,7,0,0,1.1,55,7,Crystal Palace,14
Luka,Milivojevic,2,1,1,63,2357,47,329.6,410.8,143,3,332,88.4,7,1,8,0.2,56,7,Crystal Palace,14
Patrick,van Aanholt,1,0,2,54,1775,36,195.3,298.6,198,5,313,69.1,4,0,2,0.4,54,7,Crystal Palace,14
Jordan,Ayew,3,1,4,70,2086,42,238.6,278.6,451,2,216,96.6,6,0,4,1.4,56,7,Crystal Palace,14
Wilfried,Zaha,2,11,4,136,2612,52,428.5,572.6,1003,11,362,200.4,6,0,6,9.9,71,7,Crystal Palace,14
Jeffrey,Schlupp,2,2,3,65,1415,26,242.1,336.6,304,3,194,88.2,5,0,3,0.1,53,7,Crystal Palace,14
Max,Meyer,2,0,0,0,0,0,0,0,0,0,0,0,0,0,0,0,47,7,Crystal Palace,14
Jairo,Riedewald,2,2,0,64,1810,39,160.4,274,88,4,249,52.4,4,0,4,0.7,44,7,Crystal Palace,14
Nathan,Ferguson,1,0,0,0,0,0,0,0,0,0,0,0,0,0,0,0.6,38,7,Crystal Palace,14
Tyrick,Mitchell,1,1,2,58,1710,32,76.8,387.6,60,5,287,52.5,4,0,1,12.8,38,7,Crystal Palace,14
Brandon,Pierrick,2,0,0,0,0,0,0,0,0,0,0,0,0,0,0,0.1,43,7,Crystal Palace,14
Scott,Dann,1,1,1,39,1350,24,17,284.6,99,1,233,40.3,2,0,1,0.5,42,7,Crystal Palace,14
Eberechi,Eze,2,4,8,125,2555,51,653.1,516.2,383,17,470,155.4,6,0,3,1.2,58,7,Crystal Palace,14
Sam,Woods,1,0,0,0,0,0,0,0,0,0,0,0,0,0,0,0.4,40,7,Crystal Palace,14
Ryan,Inniss,1,0,0,0,0,0,0,0,0,0,0,0,0,0,0,0,40,7,Crystal Palace,14
Nathaniel,Clyne,1,0,1,28,1145,22,84.3,150.8,34,0,172,27.2,2,0,2,0.1,45,7,Crystal Palace,14
Stephen,Henderson,0,0,0,0,0,0,0,0,0,0,0,0,0,0,0,0.4,40,7,Crystal Palace,14
Jack,Butland,0,0,0,2,90,2,0,16.6,0,0,14,1.7,0,0,0,0.1,45,7,Crystal Palace,14
Jean-Philippe,Mateta,3,1,0,15,215,4,16.2,46.6,80,2,45,14,0,0,0,0,53,7,Crystal Palace,14
Reece,Hannam,1,0,0,0,0,0,0,0,0,0,0,0,0,0,0,0,40,7,Crystal Palace,14
Jesurun,Rak-Sakyi,2,0,0,0,0,0,0,0,0,0,0,0,0,0,0,0,45,7,Crystal Palace,14
Fabian,Delph,2,0,0,8,260,6,29.8,37,1,0,48,6.8,0,0,1,0,48,8,Everton,10
Gylfi,Sigurdsson,2,6,5,122,2244,29,644.2,530.6,510,13,443,168.8,10,0,2,2.9,68,8,Everton,10
Jonas,Lössl,0,0,0,0,0,0,0,0,0,0,0,0,0,0,0,0.1,43,8,Everton,10
Seamus,Coleman,1,0,3,81,1607,19,268.2,322.6,189,4,371,78,8,0,0,2.4,49,8,Everton,10
Cenk,Tosun,3,0,0,4,44,3,11.6,2.2,4,0,12,1.8,0,0,1,0,60,8,Everton,10
Bernard,Anício Caldeira Duarte,2,1,0,21,447,7,142.7,104.8,80,1,75,32.7,2,0,2,0.1,57,8,Everton,10
Lucas,Digne,1,0,9,120,2681,42,704.2,592.6,136,18,590,143.5,9,1,2,11.4,62,8,Everton,10
Michael,Keane,1,3,1,127,2989,43,87.8,814,243,13,649,114.5,11,0,4,6.3,50,8,Everton,10
Jordan,Pickford,0,0,0,114,2742,39,10.1,698.4,0,8,570,70.9,10,0,1,5.3,48,8,Everton,10
André Filipe,Tavares Gomes,2,0,1,48,1559,22,244.5,189,103,0,224,53,5,0,3,0.2,53,8,Everton,10
Alex,Iwobi,2,1,3,65,1530,21,263.1,262.6,233,1,256,76,5,0,0,0.2,59,8,Everton,10
Jonjoe,Kenny,1,0,0,5,78,1,8.1,11,8,0,19,2.8,0,0,0,0.1,43,8,Everton,10
Jean-Philippe,Gbamin,2,0,0,1,11,1,0.9,3.8,0,0,1,0.5,0,0,0,0,50,8,Everton,10
Yerry,Mina,1,2,0,79,1936,22,23.5,496.2,200,7,399,72.3,6,0,2,1.7,55,8,Everton,10
Tom,Davies,2,0,1,47,1417,23,112,205.6,30,1,209,34.7,5,0,3,0.1,52,8,Everton,10
Dominic,Calvert-Lewin,3,16,6,165,2871,39,308,745.8,1439,21,528,249,11,0,3,29.5,75,8,Everton,10
Mason,Holgate,1,1,0,80,2286,32,126,432.2,80,4,426,64.1,9,0,9,1,48,8,Everton,10
Richarlison,de Andrade,3,7,6,123,2862,38,359.7,576.4,1147,18,415,208.3,11,1,4,7.1,77,8,Everton,10
João,Virgínia,0,0,0,2,47,0,0,25,0,0,10,2.5,0,0,0,0.1,43,8,Everton,10
Anthony,Gordon,2,0,0,3,87,0,12.7,14.4,4,0,11,3.1,0,0,0,0.4,43,8,Everton,10
Moise,Kean,3,0,0,2,13,0,1.3,0,11,0,1,0.9,0,0,0,0.2,57,8,Everton,10
Jarrad,Branthwaite,1,0,0,0,0,0,0,0,0,0,0,0,0,0,0,1,39,8,Everton,10
Allan,Marques Loureiro,2,0,0,47,2050,30,233.3,366.6,42,0,290,64.4,7,0,6,0.6,52,8,Everton,10
James,Rodríguez,2,6,5,101,1763,27,585.6,499.2,399,11,432,148.7,5,0,4,7.8,77,8,Everton,10
Abdoulaye,Doucouré,2,2,3,80,2443,36,319.4,433.8,267,2,421,102.1,9,0,6,0.6,51,8,Everton,10
Niels,Nkounkou,1,0,0,2,80,1,5.7,15,1,0,9,2.2,0,0,1,0.2,40,8,Everton,10
Ben,Godfrey,1,0,2,100,2683,35,84.3,610.4,152,7,537,84.8,11,0,4,1.9,51,8,Everton,10
Robin,Olsen,0,0,0,25,630,9,0,166.4,0,3,119,16.7,2,0,1,0.1,45,8,Everton,10
Ellis,Simms,3,0,0,0,0,0,0,0,0,0,0,0,0,0,0,0.1,45,8,Everton,10
Tyler,Onyango,2,0,0,0,0,0,0,0,0,0,0,0,0,0,0,0,45,8,Everton,10
Joshua,King,3,0,0,11,138,2,5.6,13.4,31,0,18,5,0,0,0,0.1,50,8,Everton,10
Kyle,John,1,0,0,0,0,0,0,0,0,0,0,0,0,0,0,0,40,8,Everton,10
Nathan,Broadhead,2,0,0,1,2,0,0,2,0,0,5,0.2,0,0,0,0,45,8,Everton,10
Ryan,Astley,1,0,0,0,0,0,0,0,0,0,0,0,0,0,0,0,40,8,Everton,10
Harry,Tyrer,0,0,0,0,0,0,0,0,0,0,0,0,0,0,0,0,40,8,Everton,10
Reece,Welch,1,0,0,0,0,0,0,0,0,0,0,0,0,0,0,0,40,8,Everton,10
Isaac,Price,2,0,0,0,0,0,0,0,0,0,0,0,0,0,0,0,45,8,Everton,10
Ruben,Loftus-Cheek,2,1,0,66,1962,22,274.2,201.6,439,0,178,91.4,11,0,3,0.2,59,22,Fulham,18
Fabricio,Agosto Ramírez,0,0,0,0,0,0,0,0,0,0,0,0,0,0,0,2,39,22,Fulham,18
Kevin,McDonald,2,0,0,0,0,0,0,0,0,0,0,0,0,0,0,0,47,22,Fulham,18
Maxime,Le Marchand,1,0,0,1,122,1,1.6,12.6,1,0,12,1.6,0,0,2,0,41,22,Fulham,18
Stefan,Johansen,2,0,0,0,0,0,0,0,0,0,0,0,0,0,0,0,47,22,Fulham,18
Tom,Cairney,2,1,1,27,758,15,278.3,170.6,124,2,160,57.3,1,0,2,0.1,52,22,Fulham,18
Tim,Ream,1,0,0,10,630,13,8.1,133.6,2,0,103,14.5,0,0,0,0.1,42,22,Fulham,18
Anthony,Knockaert,2,0,0,0,0,0,0,0,0,0,0,0,0,0,0,0,50,22,Fulham,18
Michael,Hector,1,0,0,0,262,10,11.3,40.8,18,0,32,6.9,0,0,2,0.1,41,22,Fulham,18
Cyrus,Christie,1,0,0,0,0,0,0,0,0,0,0,0,0,0,0,0,42,22,Fulham,18
Neeskens,Kebano,2,0,0,6,116,3,14.6,1.4,47,0,13,5.9,0,0,0,0,47,22,Fulham,18
Bobby,Decordova-Reid,3,5,3,88,2367,32,254.1,384.8,503,6,343,114.1,9,0,7,0.6,53,22,Fulham,18
Joe,Bryan,1,1,1,27,663,17,100.4,143.2,85,2,132,32.8,0,0,2,0.3,45,22,Fulham,18
Marcus,Bettinelli,0,0,0,0,0,0,0,0,0,0,0,0,0,0,0,0,43,22,Fulham,18
Aleksandar,Mitrović,3,3,3,63,1389,24,323.8,245.6,697,7,178,124.9,1,0,3,3.2,55,22,Fulham,18
Alfie,Mawson,1,0,0,0,0,0,0,0,0,0,0,0,0,0,0,0,43,22,Fulham,18
Marek,Rodák,0,0,0,2,180,5,0,32.6,0,0,23,3.2,0,0,0,0.2,43,22,Fulham,18
Ivan Ricardo,Neves Abreu Cavaleiro,2,3,0,85,2465,43,647.2,347,530,4,261,152.5,7,0,2,0.1,53,22,Fulham,18
Josh,Onomah,2,0,0,13,369,12,28.7,33.6,47,0,46,10.7,0,0,1,0,46,22,Fulham,18
Jean Michaël,Seri,2,0,0,0,0,0,0,0,0,0,0,0,0,0,0,0,46,22,Fulham,18
Aboubakar,Kamara,2,0,0,8,307,9,76.8,22.6,39,0,14,13.2,0,1,1,0,48,22,Fulham,18
André-Frank,Zambo Anguissa,2,0,3,76,2581,40,409.4,507.6,312,4,391,123.1,6,0,6,1.2,44,22,Fulham,18
Zeze Steven,Sessegnon,1,0,0,0,0,0,0,0,0,0,0,0,0,0,0,0,43,22,Fulham,18
Harrison,Reed,2,0,3,69,2243,35,330.4,421.2,82,0,391,83.5,9,0,5,0.5,44,22,Fulham,18
Antonee,Robinson,1,0,0,57,2159,28,475.8,451.4,178,1,393,110.8,5,1,4,0.2,44,22,Fulham,18
Mario,Lemina,2,1,1,55,1696,27,169.5,294,134,3,267,59.9,3,0,5,0.3,45,22,Fulham,18
Alphonse,Areola,0,0,0,124,3240,48,0,876.2,0,9,637,87.4,9,0,2,4.7,45,22,Fulham,18
Kenny,Tete,1,0,1,50,1477,27,312.4,330.8,98,3,288,74.2,5,0,3,0.1,43,22,Fulham,18
Denis,Odoi,1,0,0,1,270,10,20.8,35.4,8,0,34,6.4,0,0,1,0.1,42,22,Fulham,18
Ademola,Lookman,2,4,4,107,2746,33,884.6,514.2,928,8,367,232.7,10,0,5,1.3,47,22,Fulham,18
Ola,Aina,1,2,1,102,2664,36,248.8,483.6,144,8,477,87.7,8,0,3,2,43,22,Fulham,18
Joachim,Andersen,1,1,1,93,2729,36,109.3,582.8,151,7,501,84.5,9,1,6,0.4,45,22,Fulham,18
Tosin,Adarabioyo,1,0,1,100,2953,41,70.1,673.8,223,11,571,97.1,9,0,1,0.6,45,22,Fulham,18
Terence,Kongolo,1,0,0,2,90,1,4.7,16.8,2,0,15,2.4,0,0,0,0,43,22,Fulham,18
Josh,Maja,3,3,0,40,804,9,103.2,138,314,5,123,55.3,5,0,0,0.5,50,22,Fulham,18
Fabio,Carvalho,2,1,0,12,254,6,30.8,72.4,161,0,42,26.5,0,0,0,0,45,22,Fulham,18
Sylvester,Jasper,2,0,0,0,0,0,0,0,0,0,0,0,0,0,0,0,45,22,Fulham,18
Tyrese,Francois,2,0,0,1,14,1,1.3,1.2,0,0,2,0.3,0,0,0,0,45,22,Fulham,18
Wes,Morgan,1,0,0,3,16,0,0.1,3,0,0,9,0.3,0,0,0,0.1,44,9,Leicester City,5
Kasper,Schmeichel,0,0,0,128,3420,50,0,769,0,6,631,76.9,11,0,0,9.6,54,9,Leicester City,5
Christian,Fuchs,1,0,0,24,701,9,33.9,137,22,2,112,19.2,3,0,4,0.2,45,9,Leicester City,5
Jonny,Evans,1,2,2,109,2473,31,129,532.4,115,12,536,77.9,10,0,7,1.4,56,9,Leicester City,5
Adrien,Silva,2,0,0,0,0,0,0,0,0,0,0,0,0,0,0,0.2,44,9,Leicester City,5
Marc,Albrighton,2,1,7,78,1735,22,544.2,412.6,282,3,325,123.9,4,0,2,0.2,52,9,Leicester City,5
Matty,James,2,0,0,0,0,0,0,0,0,0,0,0,0,0,0,0.2,43,9,Leicester City,5
Danny,Ward,0,0,0,0,0,0,0,0,0,0,0,0,0,0,0,0.2,43,9,Leicester City,5
Jamie,Vardy,3,15,14,187,2838,44,356.6,819.2,1306,23,649,248.3,8,0,1,17.5,102,9,Leicester City,5
Dennis,Praet,2,1,2,37,714,11,132.1,119.2,120,1,129,36.9,3,0,0,0.1,52,9,Leicester City,5
Ricardo Domingos,Barbosa Pereira,1,0,1,27,954,19,162.4,183.4,144,0,152,48.9,2,0,3,0.6,59,9,Leicester City,5
Daniel,Amartey,1,1,0,19,718,12,10.9,155,61,2,121,22.7,0,0,3,1.2,39,9,Leicester City,5
Youri,Tielemans,2,6,4,133,3356,50,788.2,840.4,462,11,633,209.1,11,0,6,3.8,64,9,Leicester City,5
Ayoze,Pérez,2,2,1,58,1322,21,323.6,255.6,482,2,149,106.1,5,0,2,0.6,60,9,Leicester City,5
Demarai,Gray,2,0,0,1,18,0,1.3,0.2,3,0,3,0.5,0,0,0,0.1,51,9,Leicester City,5
James,Maddison,2,8,7,133,2093,28,770.3,588.4,668,12,473,202.5,10,0,4,5.5,72,9,Leicester City,5
Kelechi,Iheanacho,3,12,2,110,1452,23,413.9,540.2,814,18,424,176.5,5,0,1,19.5,62,9,Leicester City,5
Hamza,Choudhury,2,0,0,14,311,2,13.5,34,29,0,59,7.6,2,0,1,0.1,46,9,Leicester City,5
Harvey,Barnes,2,9,5,126,1944,25,359,556.4,810,13,348,172.7,7,0,0,2.7,66,9,Leicester City,5
Wilfred,Ndidi,2,1,4,79,2175,31,234.5,549.2,78,11,430,86.2,7,0,6,0.7,48,9,Leicester City,5
Filip,Benkovic,1,0,0,0,0,0,0,0,0,0,0,0,0,0,0,0,43,9,Leicester City,5
Çaglar,Söyüncü,1,1,0,59,1816,30,114.4,403.6,157,3,360,67.7,5,0,2,3,53,9,Leicester City,5
James,Justin,1,2,2,101,2070,25,290.7,472.2,195,13,447,96,9,0,4,6.1,48,9,Leicester City,5
Luke,Thomas,1,1,0,26,968,18,111.7,169,101,0,132,38.1,1,0,2,0.4,41,9,Leicester City,5
Timothy,Castagne,1,2,4,94,2345,37,350.2,486.6,181,7,479,101.7,6,0,1,5.7,58,9,Leicester City,5
Nampalys,Mendy,2,0,1,41,1452,25,118.7,153,23,0,234,29.6,4,0,5,1.5,42,9,Leicester City,5
Cengiz,Ünder,2,0,2,16,275,5,87.5,73.4,88,0,62,24.9,0,0,0,0,57,9,Leicester City,5
Wesley,Fofana,1,0,1,71,2260,30,107.8,502,121,5,464,73.4,7,0,7,1,50,9,Leicester City,5
Islam,Slimani,3,0,0,1,19,1,11.7,0.2,6,0,3,1.8,0,0,0,0.1,49,9,Leicester City,5
Vontae,Daley-Campbell,1,0,0,0,0,0,0,0,0,0,0,0,0,0,0,0,40,9,Leicester City,5
Thakgalo,Leshabela,2,0,0,1,9,0,1.4,0.6,0,0,2,0.2,0,0,0,0,44,9,Leicester City,5
Sidnei,Tavares,2,0,0,3,84,1,1.2,9.6,9,0,10,2,0,0,0,0,44,9,Leicester City,5
Shane,Flynn,2,0,0,0,0,0,0,0,0,0,0,0,0,0,0,0,45,9,Leicester City,5
Thanawat,Suengchitthawon,2,0,0,0,0,0,0,0,0,0,0,0,0,0,0,0,45,9,Leicester City,5
Tawanda,Maswanhise,2,0,0,0,0,0,0,0,0,0,0,0,0,0,0,0,45,9,Leicester City,5
Pablo,Hernández Domínguez,2,0,3,28,414,6,97.9,84,153,0,103,33.4,1,0,1,0.3,57,24,Leeds,9
Francisco,Casilla Cortés,0,0,0,14,270,2,0,68,0,2,58,6.8,1,0,0,1,41,24,Leeds,9
Liam,Cooper,1,1,0,59,2186,41,17.7,620.4,259,2,454,89.8,6,1,4,0.3,43,24,Leeds,9
Barry,Douglas,1,0,0,0,0,0,0,0,0,0,0,0,0,0,0,2.8,38,24,Leeds,9
Luke,Ayling,1,0,0,100,3399,54,421.4,843.2,350,2,665,161.6,12,0,7,2.7,44,24,Leeds,9
Mateusz,Klich,2,4,5,99,2386,44,661.4,464.6,333,3,407,145.7,8,0,6,2.3,52,24,Leeds,9
Adam,Forshaw,2,0,0,0,0,0,0,0,0,0,0,0,0,0,0,0,48,24,Leeds,9
Stuart,Dallas,1,8,3,171,3410,53,454.6,756.8,527,15,726,174.2,12,0,7,33.1,55,24,Leeds,9
Ezgjan,Alioski,1,2,3,110,2456,35,423,477.8,281,7,449,118.5,10,0,7,3.2,44,24,Leeds,9
Patrick,Bamford,3,17,11,194,3052,50,371,867.2,1512,26,631,274.6,10,0,3,45.2,66,24,Leeds,9
Jack,Harrison,2,8,10,160,2846,45,821.7,759.2,666,15,542,225.2,11,0,2,7.6,56,24,Leeds,9
Kalvin,Phillips,2,1,2,67,2428,34,539.3,535.4,82,2,396,115.8,9,0,10,0.9,49,24,Leeds,9
Hélder Wander,Sousa de Azevedo e Costa,2,3,4,63,1150,23,134.3,224.2,289,2,162,64.7,3,0,0,2.1,50,24,Leeds,9
Tyler,Roberts,2,1,2,49,1330,19,239,189.4,296,0,169,72.5,4,0,3,0.1,46,24,Leeds,9
Jay-Roy,Grot,2,0,0,0,0,0,0,0,0,0,0,0,0,0,0,0,47,24,Leeds,9
Kamil,Miazek,0,0,0,0,0,0,0,0,0,0,0,0,0,0,0,0.8,40,24,Leeds,9
Ian Carlo,Poveda-Ocampo,2,0,0,14,344,5,71.5,55,91,0,43,21.8,0,0,0,0.3,42,24,Leeds,9
Jamie,Shackleton,2,0,0,17,454,11,45.7,52,18,0,72,11.4,1,0,0,0,48,24,Leeds,9
Pascal,Struijk,1,1,0,71,2072,32,66.3,513,222,2,402,80.1,7,0,3,5.3,40,24,Leeds,9
Jordan,Stevens,2,0,0,0,0,0,0,0,0,0,0,0,0,0,0,0.4,43,24,Leeds,9
Illan,Meslier,0,0,0,154,3150,52,10,1026,0,20,774,103.7,11,0,0,8.5,48,24,Leeds,9
Leif,Davis,1,0,0,2,31,0,0.6,2.8,0,0,5,0.3,0,0,0,1.1,38,24,Leeds,9
Oliver,Casey,1,0,0,0,0,0,0,0,0,0,0,0,0,0,0,1,38,24,Leeds,9
Robin,Koch,1,0,0,38,1130,21,52.2,230.2,131,2,220,41.4,4,0,1,0.3,43,24,Leeds,9
Rodrigo,Moreno,3,7,4,89,1279,21,409.7,398.4,617,16,341,142.4,3,0,3,2.7,57,24,Leeds,9
Elia,Caprile,0,0,0,0,0,0,0,0,0,0,0,0,0,0,0,0.2,40,24,Leeds,9
Mateusz,Bogusz,2,0,0,0,0,0,0,0,0,0,0,0,0,0,0,0,43,24,Leeds,9
Diego,Llorente,1,1,0,50,1203,12,51,293,115,3,255,46,4,0,1,0.6,44,24,Leeds,9
Raphael,Dias Belloli,2,6,10,133,2358,34,889.3,719.6,902,11,489,251.3,9,0,3,9.4,56,24,Leeds,9
Jack,Jenkins,2,0,0,0,0,0,0,0,0,0,0,0,0,0,0,0,45,24,Leeds,9
Niall,Huggins,3,0,0,1,37,0,0.9,2.6,2,0,4,0.6,0,0,0,0.1,45,24,Leeds,9
Charlie,Cresswell,1,0,0,0,0,0,0,0,0,0,0,0,0,0,0,0.1,40,24,Leeds,9
Joe,Gelhardt,3,0,0,0,0,0,0,0,0,0,0,0,0,0,0,0,45,24,Leeds,9
Gaetano,Berardi,1,0,0,8,113,0,0.9,17.2,18,1,30,3.6,1,0,0,0,40,24,Leeds,9
Sam,Greenwood,3,0,0,0,0,0,0,0,0,0,0,0,0,0,0,0,45,24,Leeds,9
Crysencio,Summerville,2,0,0,0,0,0,0,0,0,0,0,0,0,0,0,0,44,24,Leeds,9
Cody,Drameh,1,0,0,0,0,0,0,0,0,0,0,0,0,0,0,0,40,24,Leeds,9
James,Milner,2,0,2,44,1056,10,242,200,108,2,204,55.2,4,0,3,0.1,53,10,Liverpool,3
Konstantinos,Tsimikas,1,0,0,2,6,0,0.1,0,0,0,5,0,0,0,0,0,49,10,Liverpool,3
Georginio,Wijnaldum,2,2,1,97,2938,39,387,358.2,307,3,482,105.1,10,0,1,1.2,53,10,Liverpool,3
Jordan,Henderson,2,1,2,56,1704,23,262.3,358,108,2,345,72.9,4,0,0,0.9,54,10,Liverpool,3
Adrián,San Miguel del Castillo,0,0,0,11,270,9,0,59.6,0,2,60,5.9,1,0,0,0.3,42,10,Liverpool,3
Joel,Matip,1,1,2,42,690,5,42.4,179,84,5,194,30.6,3,0,2,0.4,54,10,Liverpool,3
Xherdan,Shaqiri,2,0,2,26,548,7,294.2,95.2,86,1,127,47.6,2,0,2,0.1,64,10,Liverpool,3
Alex,Oxlade-Chamberlain,2,1,1,21,243,6,32.9,70.8,68,0,58,17.1,0,0,0,0.1,63,10,Liverpool,3
Roberto,Firmino,3,9,8,141,2837,39,643.2,729.4,1415,15,615,278.8,10,0,2,5.7,91,10,Liverpool,3
Virgil,van Dijk,1,1,0,15,370,11,4.8,82.4,66,1,73,15.3,1,0,1,6.2,62,10,Liverpool,3
Sadio,Mané,2,11,11,176,2808,28,809.7,808.8,1535,14,513,315.5,12,0,3,8.2,118,10,Liverpool,3
Alisson,Ramses Becker,0,1,0,140,2970,32,0.1,776.4,17,13,660,79.4,10,0,1,8.3,60,10,Liverpool,3
Fabio Henrique,Tavares,2,0,2,71,2566,29,106.8,460.4,75,2,421,64.6,11,0,6,0.9,54,10,Liverpool,3
Mohamed,Salah,2,22,6,231,3077,41,825.7,1056,1980,21,657,385.8,11,0,0,43.6,129,10,Liverpool,3
Andrew,Robertson,1,1,8,161,3384,42,1129.3,754.4,359,19,834,224.5,12,0,2,16.5,73,10,Liverpool,3
Divock,Origi,3,0,0,10,180,0,33.2,17.8,60,0,23,11.1,1,0,0,0.6,51,10,Liverpool,3
Harry,Wilson,2,0,0,0,0,0,0,0,0,0,0,0,0,0,0,0,51,10,Liverpool,3
Trent,Alexander-Arnold,1,2,8,160,3029,40,1238.8,789.6,529,26,761,255.7,10,0,2,27.1,78,10,Liverpool,3
Joseph,Gomez,1,0,0,10,589,14,18.1,106.8,0,0,94,12.5,0,0,0,1,52,10,Liverpool,3
Naby,Keita,2,0,0,15,517,8,100.5,70.6,119,0,78,29,2,0,1,0.2,52,10,Liverpool,3
Curtis,Jones,2,1,2,50,1169,14,233.4,224.6,289,0,226,74.8,5,0,2,0.6,44,10,Liverpool,3
Neco,Williams,1,0,0,11,247,1,47.8,42,34,0,51,12.2,1,0,1,4.1,38,10,Liverpool,3
Harvey,Elliott,2,0,0,0,0,0,0,0,0,0,0,0,0,0,0,0.1,43,10,Liverpool,3
Diogo,Jota,2,9,0,86,1106,15,188.3,387.4,680,9,228,125.7,4,0,2,5.7,69,10,Liverpool,3
Thiago,Alcántara do Nascimento,2,1,0,55,1851,18,460.3,378.8,178,1,331,101.9,8,0,4,1.2,55,10,Liverpool,3
Caoimhin,Kelleher,0,0,0,10,180,1,0,57.8,0,0,41,5.8,1,0,0,0.1,45,10,Liverpool,3
Nathaniel,Phillips,1,1,1,68,1455,11,90.6,376.4,132,1,325,60.1,7,0,2,4.7,42,10,Liverpool,3
Rhys,Williams,1,0,0,28,659,6,29.8,111.6,62,1,135,20.4,3,0,0,0.3,40,10,Liverpool,3
Leighton,Clarkson,2,0,0,0,0,0,0,0,0,0,0,0,0,0,0,0,45,10,Liverpool,3
Jake,Cain,2,0,0,0,0,0,0,0,0,0,0,0,0,0,0,0,45,10,Liverpool,3
Ozan,Kabak,1,0,0,26,801,9,17.2,131,19,1,150,16.7,3,0,3,0.4,50,10,Liverpool,3
Ben,Davies,1,0,0,0,0,0,0,0,0,0,0,0,0,0,0,0,47,10,Liverpool,3
Liam,Hughes,0,0,0,0,0,0,0,0,0,0,0,0,0,0,0,0,40,10,Liverpool,3
Jakub,Ojrzynski,0,0,0,0,0,0,0,0,0,0,0,0,0,0,0,0,40,10,Liverpool,3
Ben,Woodburn,2,0,0,0,0,0,0,0,0,0,0,0,0,0,0,0,45,10,Liverpool,3
Billy,Koumetio,1,0,0,0,0,0,0,0,0,0,0,0,0,0,0,0,40,10,Liverpool,3
Fernando,Luiz Rosa,1,0,2,65,1182,10,220.8,248.6,106,8,303,57.6,7,0,6,0.7,54,11,Man City,1
Claudio,Bravo,0,0,0,0,0,0,0,0,0,0,0,0,0,0,0,0,45,11,Man City,1
Sergio,Agüero,3,4,1,38,554,4,102.2,200.6,326,3,155,62.2,4,0,0,1.6,103,11,Man City,1
Nicolás,Otamendi,1,0,0,0,0,0,0,0,0,0,0,0,0,0,0,0.2,49,11,Man City,1
Kyle,Walker,1,1,1,91,1944,20,200.9,332.2,88,7,410,62.1,9,0,1,4.9,61,11,Man City,1
Ilkay,Gündogan,2,13,4,157,2025,16,688.4,754.6,712,22,620,215.7,12,0,1,17.1,55,11,Man City,1
Kevin,De Bruyne,2,6,12,141,1995,17,1170.1,760.8,914,19,566,284.7,12,0,1,11.9,118,11,Man City,1
John,Stones,1,4,0,128,1933,12,79.8,520,192,11,531,79,14,1,0,9.7,51,11,Man City,1
Benjamin,Mendy,1,2,1,63,951,10,117.1,179.8,89,8,222,38.4,5,0,2,1.7,59,11,Man City,1
Riyad,Mahrez,2,9,8,145,1945,22,693.6,606,893,15,505,219.1,11,0,0,6.4,81,11,Man City,1
Raheem,Sterling,2,10,9,154,2534,23,584.1,663.4,1366,10,458,260.3,14,0,4,4.3,109,11,Man City,1
João Pedro Cavaco,Cancelo,1,2,4,138,2298,21,673,569.8,394,18,610,163.7,14,1,5,10.6,58,11,Man City,1
Ederson,Santana de Moraes,0,0,1,160,3240,28,10,586,0,3,696,59.6,19,0,3,9.4,61,11,Man City,1
Nathan,Aké,1,1,0,29,797,13,46.9,156,44,1,150,24.7,3,0,4,2.4,54,11,Man City,1
Aymeric,Laporte,1,0,0,58,1343,10,78,233.4,85,4,286,39.6,7,0,1,2.3,60,11,Man City,1
Bernardo Mota,Veiga de Carvalho e Silva,2,2,7,94,2063,18,476.2,399.6,463,9,413,134.1,11,0,5,1.1,74,11,Man City,1
Gabriel Fernando,de Jesus,3,9,5,115,2056,17,467.5,501,931,16,453,190,11,0,2,2.5,91,11,Man City,1
Oleksandr,Zinchenko,1,0,0,69,1473,14,295.7,272,134,5,353,70.3,8,0,0,0.6,55,11,Man City,1
Phil,Foden,2,9,8,135,1607,16,545.8,580.8,734,17,479,186,6,0,0,9.8,61,11,Man City,1
Tommy,Doyle,2,0,0,0,0,0,0,0,0,0,0,0,0,0,0,0.1,44,11,Man City,1
Rodrigo,Hernandez,2,2,2,91,2747,27,546.3,640.6,335,5,531,152.4,13,0,6,0.4,53,11,Man City,1
Ferran,Torres,2,7,4,95,1297,13,276.4,352.2,543,4,265,117,7,0,1,3.6,70,11,Man City,1
Eric,Garcia,1,0,0,6,380,12,26.4,67.6,5,0,64,9.8,0,0,0,0.2,47,11,Man City,1
Adrián,Bernabé,2,0,0,0,0,0,0,0,0,0,0,0,0,0,0,0,45,11,Man City,1
Zack,Steffen,0,0,0,2,90,1,0,9.6,0,0,8,1,0,0,0,0.1,44,11,Man City,1
Liam,Delap,3,0,0,1,39,4,0.3,0,4,0,0,0.2,0,0,0,0.9,42,11,Man City,1
Cole,Palmer,2,0,0,0,0,0,0,0,0,0,0,0,0,0,0,0,44,11,Man City,1
Rúben Santos,Gato Alves Dias,1,1,1,142,2843,21,91,651.6,218,12,656,96.3,17,0,4,19.9,59,11,Man City,1
James,Trafford,0,0,0,0,0,0,0,0,0,0,0,0,0,0,0,0.1,40,11,Man City,1
Scott,Carson,0,0,0,7,90,3,0,37.4,0,1,27,3.7,0,0,0,0.4,39,11,Man City,1
Felix,Nmecha,2,0,0,0,0,0,0,0,0,0,0,0,0,0,0,0,45,11,Man City,1
Luke,Mbete,1,0,0,0,0,0,0,0,0,0,0,0,0,0,0,0,40,11,Man City,1
Taylor,Harwood-Bellis,1,0,0,0,0,0,0,0,0,0,0,0,0,0,0,0,40,11,Man City,1
Claudio,Gomes,2,0,0,0,0,0,0,0,0,0,0,0,0,0,0,0,45,11,Man City,1
Sergio,Romero,0,0,0,0,0,0,0,0,0,0,0,0,0,0,0,0.1,49,12,Man Utd,2
Juan,Mata,2,1,3,32,507,6,132.8,108.4,86,3,126,32.7,1,0,0,0.1,58,12,Man Utd,2
David,de Gea,0,0,0,91,2295,32,0,464.2,0,4,416,46.4,9,0,0,3.3,53,12,Man Utd,2
Chris,Smalling,1,0,0,0,0,0,0,0,0,0,0,0,0,0,0,0.1,49,12,Man Utd,2
Odion,Ighalo,3,0,0,1,9,1,0.1,0,2,0,1,0.2,0,0,0,0.2,61,12,Man Utd,2
Marcos,Rojo,1,0,0,0,0,0,0,0,0,0,0,0,0,0,0,0,48,12,Man Utd,2
Nemanja,Matic,2,0,1,36,1101,18,149,218.4,80,0,223,44.7,4,0,2,0.2,47,12,Man Utd,2
Paul,Pogba,2,3,6,92,1892,26,376,451.4,401,11,355,122.5,5,0,3,1.9,76,12,Man Utd,2
Phil,Jones,1,0,0,0,0,0,0,0,0,0,0,0,0,0,0,0,48,12,Man Utd,2
Harry,Maguire,1,2,2,124,3047,36,133.6,701.4,428,8,632,126.3,13,0,11,4.3,55,12,Man Utd,2
Frederico,Rodrigues de Paula Santos,2,1,0,69,2389,25,395.6,482.6,200,1,404,108,12,0,5,0.2,53,12,Man Utd,2
Luke,Shaw,1,1,5,124,2653,33,1085.9,596,243,22,640,192.8,10,0,8,17.3,55,12,Man Utd,2
Bruno Miguel,Borges Fernandes,2,18,14,244,3101,36,1414.9,1292.6,1253,36,870,396.2,13,0,6,48.7,113,12,Man Utd,2
Anthony,Martial,3,4,7,75,1477,23,265.4,297.6,709,3,238,126.8,4,1,0,3.2,86,12,Man Utd,2
Andreas,Pereira,2,0,0,0,0,0,0,0,0,0,0,0,0,0,0,0,48,12,Man Utd,2
Dean,Henderson,0,0,0,44,1125,12,0,275.4,0,1,218,27.5,4,0,3,2.1,52,12,Man Utd,2
Marcus,Rashford,2,11,11,174,2917,39,682.1,793.2,1127,9,535,260.3,12,0,4,10.2,96,12,Man Utd,2
Axel,Tuanzebe,1,0,0,7,402,8,6,95,0,0,59,10,0,0,2,0.1,41,12,Man Utd,2
Victor,Lindelöf,1,1,1,102,2585,30,102.6,503,56,3,527,66.4,10,0,0,1.9,48,12,Man Utd,2
Scott,McTominay,2,4,2,91,2124,25,270.5,523.2,314,4,413,110.9,9,0,3,0.8,49,12,Man Utd,2
Eric,Bailly,1,0,0,31,915,17,8.3,175.6,26,6,178,21.1,3,0,3,0.3,48,12,Man Utd,2
Daniel,James,2,3,1,43,907,7,145.7,186,285,1,145,61.5,4,0,3,0.2,62,12,Man Utd,2
Timothy,Fosu-Mensah,1,0,0,0,80,2,30.5,17.8,16,0,17,6.4,0,0,1,0.1,43,12,Man Utd,2
Aaron,Wan-Bissaka,1,2,5,144,3060,36,498.2,785.4,159,11,729,144.1,13,0,3,18.8,58,12,Man Utd,2
José Diogo,Dalot Teixeira,1,0,0,0,0,0,0,0,0,0,0,0,0,0,0,0,48,12,Man Utd,2
Mason,Greenwood,2,7,2,106,1813,23,278.7,370.8,881,9,318,152.7,7,0,2,10.7,73,12,Man Utd,2
Tahith,Chong,2,0,0,0,0,0,0,0,0,0,0,0,0,0,0,0,44,12,Man Utd,2
James,Garner,2,0,0,0,0,0,0,0,0,0,0,0,0,0,0,0,44,12,Man Utd,2
Brandon,Williams,1,0,0,5,187,3,19.4,26.6,19,0,26,6.5,0,0,0,0.5,42,12,Man Utd,2
Teden,Mengi,1,0,0,0,0,0,0,0,0,0,0,0,0,0,0,0.5,39,12,Man Utd,2
Donny,van de Beek,2,1,2,32,511,12,58.4,117,70,0,133,24.5,0,0,1,1.3,66,12,Man Utd,2
Alex Nicolao,Telles,1,0,2,25,689,11,200.7,168.6,33,3,149,40.1,1,0,0,0.5,53,12,Man Utd,2
Edinson,Cavani,3,10,4,99,1364,18,203.3,443.4,513,14,367,115,4,0,4,6.9,80,12,Man Utd,2
Facundo,Pellistri,2,0,0,0,0,0,0,0,0,0,0,0,0,0,0,0,52,12,Man Utd,2
Lee,Grant,0,0,0,0,0,0,0,0,0,0,0,0,0,0,0,0.1,40,12,Man Utd,2
Amad,Diallo,2,0,1,8,165,3,31.2,38,9,0,34,7.8,0,0,0,0,54,12,Man Utd,2
Shola,Shoretire,2,0,0,2,9,0,1.1,0.2,0,0,6,0.1,0,0,0,0,44,12,Man Utd,2
Nathan,Bishop,0,0,0,0,0,0,0,0,0,0,0,0,0,0,0,0,40,12,Man Utd,2
Anthony,Elanga,2,1,0,11,155,2,19.7,51.6,29,2,32,10,0,0,0,0,45,12,Man Utd,2
Hannibal,Mejbri,2,0,0,1,8,0,0,1.2,0,0,2,0.1,0,0,0,0,45,12,Man Utd,2
William,Fish,1,0,0,1,1,0,0,0,0,0,3,0,0,0,0,0,40,12,Man Utd,2
Joseph,Willock,2,8,0,79,1210,18,137.2,436.6,401,5,254,97.3,4,0,1,4.1,49,13,Newcastle Utd,12
Andy,Carroll,3,1,1,30,380,8,37.1,64,187,3,78,27.7,1,0,1,0.3,51,13,Newcastle Utd,12
Jonjo,Shelvey,2,1,3,74,2616,46,522.1,474.2,299,2,377,129.6,6,0,7,0.2,53,13,Newcastle Utd,12
Matt,Ritchie,2,0,5,52,1347,22,411.9,225.8,101,5,226,73.8,3,0,2,0.1,49,13,Newcastle Utd,12
Federico,Fernández,1,0,0,53,2080,38,91.3,522,64,6,376,67.5,5,0,4,0.6,47,13,Newcastle Utd,12
Ciaran,Clark,1,1,0,46,1890,35,29.8,402.6,105,2,291,53.9,3,0,3,0.2,45,13,Newcastle Utd,12
Karl,Darlow,0,0,0,80,2250,43,0,682.4,0,6,450,68.3,4,0,3,1.1,49,13,Newcastle Utd,12
Martin,Dubravka,0,0,0,48,1170,19,0,346.8,0,6,255,34.6,3,0,0,0.6,48,13,Newcastle Utd,12
Florian,Lejeune,1,0,0,0,0,0,0,0,0,0,0,0,0,0,0,0,43,13,Newcastle Utd,12
Jamaal,Lascelles,1,2,0,44,1625,32,38.1,345.2,161,3,229,54.7,2,0,4,0.8,42,13,Newcastle Utd,12
Dwight,Gayle,3,1,1,31,501,9,89.4,79.6,263,3,79,42.4,0,0,0,0.1,59,13,Newcastle Utd,12
Christian,Atsu,2,0,0,0,0,0,0,0,0,0,0,0,0,0,0,0,52,13,Newcastle Utd,12
Paul,Dummett,1,1,0,40,1254,20,68.1,274.4,45,2,204,38.8,3,0,2,0.1,44,13,Newcastle Utd,12
Javier,Manquillo,1,0,0,28,822,15,93.5,109.8,18,0,136,22.2,3,0,1,0.2,42,13,Newcastle Utd,12
Emil,Krafth,1,1,1,45,1286,27,87.7,240.4,88,0,222,41.6,5,0,4,0.2,42,13,Newcastle Utd,12
Fabian,Schär,1,1,0,30,1255,21,9,251,116,1,160,37.6,2,1,4,0.1,48,13,Newcastle Utd,12
DeAndre,Yedlin,1,0,0,13,435,6,41.8,58.6,20,0,68,12,1,0,0,0.2,43,13,Newcastle Utd,12
Isaac,Hayden,2,0,0,40,1942,33,117.7,278,155,0,211,55.3,4,0,8,0,46,13,Newcastle Utd,12
Rolando,Aarons,2,0,0,0,0,0,0,0,0,0,0,0,0,0,0,0,48,13,Newcastle Utd,12
Allan,Saint-Maximin,2,3,5,85,1554,26,394.2,376,418,5,278,118.9,7,0,0,3.1,52,13,Newcastle Utd,12
Miguel,Almirón,2,4,2,97,2426,48,447.3,452.6,425,8,367,132.6,5,0,3,0.5,56,13,Newcastle Utd,12
Joelinton Cássio,Apolinário de Lira,3,4,2,74,1979,36,250.1,357,612,5,258,122.2,3,0,3,0.5,57,13,Newcastle Utd,12
Yoshinori,Muto,3,0,0,0,0,0,0,0,0,0,0,0,0,0,0,0.1,48,13,Newcastle Utd,12
Kelland,Watts,1,0,0,0,0,0,0,0,0,0,0,0,0,0,0,0.1,39,13,Newcastle Utd,12
Sean,Longstaff,2,0,1,41,1405,26,182.8,179.2,148,1,168,50.8,2,0,2,0.1,46,13,Newcastle Utd,12
Jeff,Hendrick,2,2,1,52,1418,24,99,211.4,95,3,177,40.3,3,1,1,1.2,45,13,Newcastle Utd,12
Matthew,Longstaff,2,0,0,10,376,8,35.6,32.6,2,0,47,7,1,0,0,0,48,13,Newcastle Utd,12
Mark,Gillespie,0,0,0,0,0,0,0,0,0,0,0,0,0,0,0,0.1,43,13,Newcastle Utd,12
Jacob,Murphy,2,2,3,69,1617,33,280.8,363.4,289,7,252,93.2,3,0,3,0.1,49,13,Newcastle Utd,12
Callum,Wilson,3,12,6,134,2081,37,230.4,557.4,761,22,409,154.7,5,0,2,5.1,65,13,Newcastle Utd,12
Ryan,Fraser,2,0,4,39,922,18,395,142.8,165,0,154,70.1,4,1,0,0.2,56,13,Newcastle Utd,12
Jamal,Lewis,1,0,1,44,1833,37,224.8,272.6,47,3,261,54.2,3,0,4,1.1,40,13,Newcastle Utd,12
Elliot,Anderson,2,0,0,1,3,0,0.3,0,2,0,3,0.2,0,0,0,0,45,13,Newcastle Utd,12
Daniel,Langley,0,0,0,0,0,0,0,0,0,0,0,0,0,0,0,0.1,39,13,Newcastle Utd,12
Rhian,Brewster,3,0,0,34,1113,16,157.2,66.8,255,0,87,47.3,2,0,1,5,42,15,Sheffield Utd,20
Billy,Sharp,3,3,0,39,725,15,68.1,121.2,162,6,101,34.9,0,0,1,0.1,55,15,Sheffield Utd,20
David,McGoldrick,3,8,1,100,2391,37,320.2,464.4,860,12,344,164.6,9,0,7,1.3,52,15,Sheffield Utd,20
Chris,Basham,1,0,1,51,2576,51,202.3,513.6,160,2,408,87.6,2,0,5,0.5,46,15,Sheffield Utd,20
John,Fleck,2,0,3,70,2573,47,530.8,351,154,1,353,103.7,5,0,4,0.1,56,15,Sheffield Utd,20
Enda,Stevens,1,0,1,56,2700,54,294.5,443.4,198,2,361,93.6,4,0,6,0.8,50,15,Sheffield Utd,20
Simon,Moore,0,0,0,0,0,0,0,0,0,0,0,0,0,0,0,0.1,43,15,Sheffield Utd,20
Oliver,Norwood,2,0,0,54,2214,43,516,415.8,57,0,355,99.1,5,0,6,0.1,45,15,Sheffield Utd,20
Wes,Foderingham,0,0,0,0,0,0,0,0,0,0,0,0,0,0,0,0.1,43,15,Sheffield Utd,20
George,Baldock,1,0,2,63,2787,51,310.7,351.4,234,2,347,89.7,4,0,7,0.8,49,15,Sheffield Utd,20
Jack,Robinson,1,0,2,32,875,11,27.7,148.2,46,3,149,22.2,2,0,3,0.1,42,15,Sheffield Utd,20
John,Egan,1,0,1,57,2628,48,50.9,544.6,150,4,410,74.5,4,1,7,1.6,47,15,Sheffield Utd,20
Jack,O'Connell,1,0,0,3,180,3,2.5,40.2,0,0,19,4.3,0,0,0,0.1,47,15,Sheffield Utd,20
John,Lundstram,2,0,2,48,2027,41,346.9,245.4,206,2,244,79.3,3,1,8,1.3,48,15,Sheffield Utd,20
Ben,Osborn,2,1,0,51,1599,29,325.6,263.4,171,3,246,76.3,4,0,1,0,47,15,Sheffield Utd,20
Oliver,McBurnie,3,1,2,44,1316,27,207.8,182.6,444,2,101,83.1,0,0,2,0.2,56,15,Sheffield Utd,20
Lys,Mousset,3,0,0,13,287,10,35,14.2,53,0,14,9.7,0,0,0,0.1,58,15,Sheffield Utd,20
Sander,Berge,2,1,1,31,1119,23,181.7,178,138,1,152,49.8,0,0,4,0.1,49,15,Sheffield Utd,20
Oliver,Burke,2,1,2,46,1260,21,191.8,113.8,364,0,114,65.9,1,0,2,1.9,41,15,Sheffield Utd,20
Luke,Freeman,2,0,0,0,0,0,0,0,0,0,0,0,0,0,0,0,50,15,Sheffield Utd,20
Aaron,Ramsdale,0,0,0,123,3420,63,20,1023,4,12,685,104.7,5,0,1,2,46,15,Sheffield Utd,20
Ethan,Ampadu,1,0,0,44,2087,41,189.6,458,51,4,341,70.1,2,0,3,0.4,43,15,Sheffield Utd,20
Jayden,Bogle,1,2,0,39,1107,20,72.7,217.6,278,0,151,57,2,0,2,0.1,43,15,Sheffield Utd,20
Max,Lowe,1,0,0,9,549,10,39.8,99.2,45,0,49,18.4,0,0,1,0,42,15,Sheffield Utd,20
Phil,Jagielka,1,0,0,5,524,12,1.9,70.6,2,0,53,7.5,0,1,1,0.5,39,15,Sheffield Utd,20
Michael,Verrips,0,0,0,0,0,0,0,0,0,0,0,0,0,0,0,0.2,40,15,Sheffield Utd,20
Kean,Bryan,1,1,0,29,1003,17,57.5,220.4,49,0,149,32.7,2,0,1,0.5,39,15,Sheffield Utd,20
Antwoine,Hackford,3,0,0,1,10,0,0.1,0,18,0,3,1.8,0,0,0,0.1,44,15,Sheffield Utd,20
Kyron,Gordon,1,0,0,0,0,0,0,0,0,0,0,0,0,0,0,0,40,15,Sheffield Utd,20
Iliman,Ndiaye,2,0,0,1,11,1,0.3,2.2,0,0,5,0.3,0,0,0,0,45,15,Sheffield Utd,20
Zak,Brunt,2,0,0,0,0,0,0,0,0,0,0,0,0,0,0,0,45,15,Sheffield Utd,20
Frankie,Maguire,2,0,0,0,0,0,0,0,0,0,0,0,0,0,0,0,44,15,Sheffield Utd,20
Daniel,Jebbison,3,1,0,12,283,2,15.1,52.4,66,1,38,13.1,2,0,0,0.2,45,15,Sheffield Utd,20
Harry,Boyes,1,0,0,0,0,0,0,0,0,0,0,0,0,0,0,0,40,15,Sheffield Utd,20
Femi,Seriki,2,0,0,1,1,0,0,0,0,0,3,0,0,0,0,0,45,15,Sheffield Utd,20
William,Osula,3,0,0,0,0,0,0,0,0,0,0,0,0,0,0,0,45,15,Sheffield Utd,20
Theo,Walcott,2,3,4,76,1629,28,248,269.8,366,2,185,88,5,0,0,0.3,58,16,Southampton,15
Takumi,Minamino,2,3,0,48,999,18,92.3,168.2,281,2,153,54,2,0,1,0.3,60,16,Southampton,15
Shane,Long,3,0,0,12,201,6,6.4,9.8,19,0,21,3.4,1,0,0,0.4,51,16,Southampton,15
Ryan,Bertrand,1,0,2,78,2598,51,271.8,306.8,135,4,404,71.4,8,0,5,0.7,50,16,Southampton,15
Alex,McCarthy,0,0,0,94,2700,57,0,741.2,0,8,527,74,7,0,2,10.9,44,16,Southampton,15
Oriol,Romeu Vidal,2,1,1,52,1762,25,229.1,349.2,98,4,264,67.6,6,0,6,1.4,45,16,Southampton,15
Nathan,Redmond,2,2,3,67,1727,39,400.4,297,477,3,243,117.1,1,0,1,0.2,64,16,Southampton,15
Danny,Ings,3,12,4,131,2172,40,300.7,634.6,866,21,464,178.4,6,0,1,6.6,84,16,Southampton,15
Jack,Stephens,1,0,0,41,1537,39,85.6,351,104,6,288,54.2,4,0,2,0.2,46,16,Southampton,15
Stuart,Armstrong,2,4,7,115,2764,56,496.7,541.2,457,4,455,149.4,8,0,3,0.5,55,16,Southampton,15
Jannik,Vestergaard,1,3,1,86,2574,47,102.1,671.8,294,4,494,106.7,6,1,3,2.8,47,16,Southampton,15
James,Ward-Prowse,2,8,7,156,3420,68,971.2,940,355,17,772,226.5,9,0,5,11.7,59,16,Southampton,15
Angus,Gunn,0,0,0,0,0,0,0,0,0,0,0,0,0,0,0,0.1,43,16,Southampton,15
Sofiane,Boufal,2,0,0,0,0,0,0,0,0,0,0,0,0,0,0,0,54,16,Southampton,15
Josh,Sims,2,0,0,0,0,0,0,0,0,0,0,0,0,0,0,0.1,43,16,Southampton,15
Kyle,Walker-Peters,1,0,3,93,2646,41,262.2,497.6,316,7,498,107.5,9,0,4,4.2,47,16,Southampton,15
Jan,Bednarek,1,1,1,94,3100,62,75,692,164,11,584,93.1,9,1,5,4.6,47,16,Southampton,15
Che,Adams,3,9,7,137,2662,51,488.6,581.8,964,16,443,203.4,7,0,1,4.1,57,16,Southampton,15
Yan,Valery,1,0,0,3,101,4,22.1,26,12,0,12,6,0,0,0,0,47,16,Southampton,15
William,Smallbone,2,0,0,5,171,5,7.4,16.8,9,0,17,3.3,0,0,0,0.1,43,16,Southampton,15
Jake,Vokins,1,0,0,1,66,2,14.8,1.8,0,0,5,1.7,0,0,0,0.8,39,16,Southampton,15
Michael,Obafemi,3,0,0,4,57,2,10.8,5.6,4,0,12,2,0,0,0,0.7,46,16,Southampton,15
Moussa,Djenepo,2,1,2,46,1229,27,97.7,178,170,0,140,44.1,3,0,5,0.1,54,16,Southampton,15
Mohammed,Salisu,1,0,0,14,841,19,29.9,188.2,34,0,119,25.4,0,0,1,0.1,43,16,Southampton,15
Fraser,Forster,0,0,0,30,720,11,0,191,0,0,147,19.1,2,0,0,7,40,16,Southampton,15
Nathan,Tella,2,1,2,36,735,11,86,94.6,203,2,76,38.2,2,0,2,0.4,43,16,Southampton,15
Ibrahima,Diallo,2,0,0,31,1010,22,143.2,120.4,66,0,132,32.9,3,0,3,0,45,16,Southampton,15
Daniel,N'Lundulu,3,0,0,13,102,1,12.2,3.2,16,0,32,3.1,0,0,0,0.2,45,16,Southampton,15
Kayne,Ramsay,1,0,0,-3,90,9,0,13.2,0,0,5,1.3,0,0,1,0.1,40,16,Southampton,15
Kgaogelo,Chauke,2,0,0,0,0,0,0,0,0,0,0,0,0,0,0,0,44,16,Southampton,15
Harry,Lewis,0,0,0,0,0,0,0,0,0,0,0,0,0,0,0,0,40,16,Southampton,15
Will,Ferry,2,0,0,0,0,0,0,0,0,0,0,0,0,0,0,0,45,16,Southampton,15
Allan,Tchaptchet,1,0,0,0,12,3,0,0,0,0,3,0,0,0,0,0,40,16,Southampton,15
Caleb,Watts,2,0,0,2,36,0,4.4,5.4,0,0,6,0.9,0,0,1,0,45,16,Southampton,15
Alexandre,Jankewitz,2,0,0,-1,2,9,0.3,4.4,0,0,-4,0.5,0,1,0,0,45,16,Southampton,15
Ryan,Finnigan,2,0,0,0,0,0,0,0,0,0,0,0,0,0,0,0,45,16,Southampton,15
Hugo,Lloris,0,0,0,149,3420,45,0,868,0,13,702,86.7,12,0,0,6.6,56,17,Spurs,7
Danny,Rose,1,0,0,0,0,0,0,0,0,0,0,0,0,0,0,0.1,47,17,Spurs,7
Moussa,Sissoko,2,0,0,44,1576,22,94.5,182.2,69,2,214,34.6,5,0,3,0.4,47,17,Spurs,7
Toby,Alderweireld,1,1,0,88,2240,25,106.5,559.8,178,4,469,84.6,10,0,2,1.8,54,17,Spurs,7
Erik,Lamela,2,1,1,28,700,17,137.1,115.2,236,0,96,48.4,1,1,4,0.1,57,17,Spurs,7
Harry,Kane,3,23,14,242,3083,39,659.1,1318.2,1585,40,880,355.9,12,0,1,44.5,119,17,Spurs,7
Serge,Aurier,1,2,3,80,1605,22,267.6,412.2,194,4,370,87.4,6,0,0,1.5,52,17,Spurs,7
Heung-Min,Son,2,17,11,228,3119,36,1049.9,1052.2,1046,26,777,315.2,13,0,0,44.2,96,17,Spurs,7
Eric,Dier,1,0,0,77,2520,34,82.2,577,114,2,463,77.4,8,0,3,2.4,46,17,Spurs,7
Lucas,Rodrigues Moura da Silva,2,3,5,80,1397,18,258.4,322.4,298,5,238,87.7,4,0,1,1.4,64,17,Spurs,7
Paulo,Gazzaniga,0,0,0,0,0,0,0,0,0,0,0,0,0,0,0,0.2,43,17,Spurs,7
Bamidele,Alli,2,0,2,30,613,9,132.1,103.4,165,0,101,39.9,3,0,0,0.6,74,17,Spurs,7
Ben,Davies,1,0,2,52,1340,16,136.8,232.8,65,1,253,43.4,4,0,1,0.6,45,17,Spurs,7
Pierre-Emile,Højbjerg,2,2,4,107,3420,45,308.7,728.8,146,6,578,118.4,12,0,9,1,49,17,Spurs,7
Harry,Winks,2,0,0,19,856,16,77.6,128.2,24,0,124,22.8,1,0,5,0.1,51,17,Spurs,7
Davinson,Sánchez,1,0,0,43,1486,22,20,319.2,114,3,256,45.5,4,0,1,0.7,52,17,Spurs,7
Ryan,Sessegnon,1,0,0,0,0,0,0,0,0,0,0,0,0,0,0,0.1,47,17,Spurs,7
Steven,Bergwijn,2,1,4,55,1202,15,190.9,161.4,180,2,129,52.8,5,0,3,0.4,70,17,Spurs,7
Gedson,Carvalho Fernandes,2,0,0,0,0,0,0,0,0,0,0,0,0,0,0,0.1,47,17,Spurs,7
Japhet,Tanganga,1,0,0,14,487,8,29.5,68.8,40,0,81,13.8,2,0,2,0.1,49,17,Spurs,7
Giovani,Lo Celso,2,1,1,35,939,10,222.8,169.2,155,0,149,54.3,5,0,5,0.4,69,17,Spurs,7
Oliver,Skipp,2,0,0,0,0,0,0,0,0,0,0,0,0,0,0,0,44,17,Spurs,7
Tanguy,Ndombele,2,3,3,99,2086,24,270.8,408,281,7,407,96.2,12,0,3,0.6,59,17,Spurs,7
Juan,Foyth,1,0,0,0,0,0,0,0,0,0,0,0,0,0,0,0.1,43,17,Spurs,7
Matt,Doherty,1,0,2,47,1238,15,182.4,257.2,79,4,222,52,4,1,2,3.8,56,17,Spurs,7
Joe,Hart,0,0,0,0,0,0,0,0,0,0,0,0,0,0,0,0.6,42,17,Spurs,7
Cameron,Carter-Vickers,1,0,0,0,0,0,0,0,0,0,0,0,0,0,0,0.2,39,17,Spurs,7
Sergio,Reguilón,1,0,6,89,2244,31,309.4,361.2,253,4,413,92.5,8,0,5,4.1,55,17,Spurs,7
Gareth,Bale,2,11,3,113,912,12,306.5,550.8,507,16,366,136.4,5,0,1,4.2,92,17,Spurs,7
Carlos Vinicius,Alves Morais,3,1,0,13,305,2,26.9,52.6,142,0,38,22,1,0,2,0.1,69,17,Spurs,7
Joe,Rodon,1,0,0,27,732,12,3.6,166.2,6,3,169,17.7,2,0,0,0.1,49,17,Spurs,7
Alfie,Devine,2,0,0,0,0,0,0,0,0,0,0,0,0,0,0,0,44,17,Spurs,7
Dane,Scarlett,3,0,0,1,1,0,0,0,0,0,3,0,0,0,0,0,45,17,Spurs,7
Nile,John,2,0,0,0,0,0,0,0,0,0,0,0,0,0,0,0,45,17,Spurs,7
Ainsley,Maitland-Niles,1,0,2,68,1714,23,128.9,218.2,142,1,273,48.8,6,0,2,0.8,46,25,West Brom,19
David,Button,0,0,0,2,90,2,0,23.4,0,0,18,2.3,0,0,0,3.6,39,25,West Brom,19
Callum,Robinson,3,5,3,79,1552,42,251.3,259,365,8,276,86.6,3,0,0,0.8,52,25,West Brom,19
Kieran,Gibbs,1,0,0,5,810,25,65.1,132,10,0,107,20.8,0,1,1,0.1,43,25,West Brom,19
Hal,Robson-Kanu,3,2,0,30,544,12,66.7,101.4,149,3,69,31.5,0,0,2,0.1,52,25,West Brom,19
Jake,Livermore,2,0,0,25,1241,35,72.7,136.8,53,0,104,25.9,1,1,2,0,47,25,West Brom,19
Kamil,Grosicki,2,0,1,8,147,5,35.2,22.4,15,0,29,7.2,0,0,0,0,52,25,West Brom,19
Matt,Phillips,2,2,1,69,1815,42,388.2,290,319,3,234,99.9,3,0,1,0.1,51,25,West Brom,19
Kyle,Bartley,1,3,1,79,2583,53,82.3,675.4,252,3,429,101,5,0,4,0.3,44,25,West Brom,19
Romaine,Sawyers,2,0,0,33,1486,42,102.4,152.4,13,0,196,26.7,1,0,2,0,46,25,West Brom,19
Ahmed El-Sayed,Hegazy,1,0,0,6,90,0,0.3,19.6,0,0,24,2,1,0,0,0.1,41,25,West Brom,19
Charlie,Austin,3,0,0,5,135,5,3.9,20,26,0,10,5,0,0,0,0.1,51,25,West Brom,19
Kenneth,Zohore,3,0,0,0,0,0,0,0,0,0,0,0,0,0,0,0,48,25,West Brom,19
Sam,Johnstone,0,0,1,140,3330,74,10,1213.6,0,19,768,122.4,6,0,1,3,46,25,West Brom,19
Conor,Townsend,1,0,2,76,2234,36,343.8,440.2,154,8,402,93.7,6,0,0,0.1,44,25,West Brom,19
Oluwasemilogo Adesewo Ibidapo,Ajayi,1,2,1,51,2779,71,88.3,574.8,202,2,342,86.4,1,1,3,0.2,48,25,West Brom,19
Jonathan,Leko,2,0,0,0,0,0,0,0,0,0,0,0,0,0,0,0,45,25,West Brom,19
Kyle,Edwards,2,0,0,5,114,3,12.8,13,39,0,15,6.4,0,0,0,0,46,25,West Brom,19
Darnell,Furlong,1,1,3,79,2931,63,275,474.4,276,2,393,102.7,6,0,5,0.2,45,25,West Brom,19
Sam,Field,2,0,0,3,61,2,0.5,20,0,0,16,2,0,0,0,0,48,25,West Brom,19
Dara,O'Shea,1,0,0,41,2099,51,71.2,439.8,44,1,288,55.8,3,0,3,0.2,42,25,West Brom,19
Rekeem,Harper,2,0,0,2,30,2,2.3,6,7,0,7,1.6,0,0,0,0.3,43,25,West Brom,19
Robert,Snodgrass,2,0,0,14,528,14,56,76.4,75,0,76,20.7,0,0,2,0.1,56,25,West Brom,19
Grady,Diangana,2,1,0,39,1230,33,102.3,169.4,162,0,113,43.4,1,0,0,0.2,50,25,West Brom,19
Matheus,Pereira,2,11,7,153,2574,58,873.6,744,661,15,565,227.9,6,1,2,5,54,25,West Brom,19
Cedric,Kipre,1,0,0,0,0,0,0,0,0,0,0,0,0,0,0,0,43,25,West Brom,19
Branislav,Ivanovic,1,0,0,20,764,19,12.7,117.8,61,0,120,19.1,2,0,2,0.1,44,25,West Brom,19
Conor,Gallagher,2,2,2,71,2530,48,320.1,437.2,276,3,322,103.2,5,0,11,0.1,55,25,West Brom,19
Filip,Krovinovic,2,0,0,17,541,11,103.6,74.4,50,0,97,22.8,1,0,0,0,49,25,West Brom,19
Karlan,Grant,3,1,0,41,1120,26,63.8,93,259,3,104,41.2,3,0,1,0,56,25,West Brom,19
Lee,Peltier,1,0,0,2,228,8,20.3,45.6,0,0,25,6.7,0,0,1,0.1,39,25,West Brom,19
Cheikh,Diaby,3,0,0,0,0,0,0,0,0,0,0,0,0,0,0,0.1,45,25,West Brom,19
Andy,Lonergan,0,0,0,0,0,0,0,0,0,0,0,0,0,0,0,0,40,25,West Brom,19
Mbaye,Diagne,3,3,5,57,1188,17,130.8,180,346,3,134,65.2,4,0,2,0.3,60,25,West Brom,19
Okay,Yokuslu,2,0,1,34,1316,20,88.6,200,91,0,195,38,4,0,4,0,45,25,West Brom,19
Caleb,Taylor,1,0,0,0,0,0,0,0,0,0,0,0,0,0,0,0,40,25,West Brom,19
Taylor,Gardner-Hickman,2,0,0,0,0,0,0,0,0,0,0,0,0,0,0,0,45,25,West Brom,19
Toby,King,2,0,0,0,0,0,0,0,0,0,0,0,0,0,0,0,45,25,West Brom,19
Tim,Iroegbunam,2,0,0,0,0,0,0,0,0,0,0,0,0,0,0,0,45,25,West Brom,19
Jesse,Lingard,2,9,5,106,1423,19,288.2,487,530,15,332,130.4,4,0,3,29.6,66,19,West Ham,6
Mark,Noble,2,0,0,27,701,15,88.6,80.4,7,0,132,17.6,0,0,1,0.3,45,19,West Ham,6
David,Martin,0,0,0,0,0,0,0,0,0,0,0,0,0,0,0,5.3,39,19,West Ham,6
Darren,Randolph,0,0,0,10,270,3,0,46.2,0,0,46,4.7,1,0,0,0.2,43,19,West Ham,6
Lukasz,Fabianski,0,0,0,133,3150,44,0,745.2,0,11,634,74.4,10,0,2,3.2,50,19,West Ham,6
Angelo,Ogbonna,1,3,0,100,2492,34,56.4,489.8,244,5,461,79.1,9,0,5,0.8,47,19,West Ham,6
Roberto,Jimenez Gago,0,0,0,0,0,0,0,0,0,0,0,0,0,0,0,0,45,19,West Ham,6
Jack,Wilshere,2,0,0,0,0,0,0,0,0,0,0,0,0,0,0,0,49,19,West Ham,6
Aaron,Cresswell,1,0,11,153,3170,41,898.6,669.4,96,21,730,166.8,11,0,3,18.2,57,19,West Ham,6
Andriy,Yarmolenko,2,0,1,17,362,7,80.3,50.6,106,0,47,23.5,1,0,3,0.1,55,19,West Ham,6
Michail,Antonio,3,10,5,118,1972,25,349.1,517.8,1038,19,345,190.1,6,0,3,10.9,67,19,West Ham,6
Ryan,Fredericks,1,1,1,28,564,9,166.8,155.2,96,0,127,41.9,1,0,2,0.2,42,19,West Ham,6
Manuel,Lanzini,2,1,1,28,556,5,153,121.4,102,0,117,37.5,1,0,1,0.1,64,19,West Ham,6
Felipe Anderson,Pereira Gomes,2,0,0,2,2,0,0.4,2.4,2,0,8,0.5,0,0,0,0.1,61,19,West Ham,6
Sébastien,Haller,3,3,0,41,932,12,131.6,169.6,361,4,113,66.2,3,0,0,0.2,61,19,West Ham,6
Arthur,Masuaku,1,0,2,42,1006,15,200.5,187.4,62,4,209,45,4,0,2,0.4,43,19,West Ham,6
Fabián,Balbuena,1,1,0,39,1197,19,9,260.8,79,0,193,35,4,1,1,0.6,41,19,West Ham,6
Jordan,Hugill,3,0,0,0,0,0,0,0,0,0,0,0,0,0,0,0,55,19,West Ham,6
Jarrod,Bowen,2,8,6,141,2556,33,493.5,529.8,812,8,434,183.7,9,0,0,2.5,58,19,West Ham,6
Albian,Ajeti,3,0,0,0,0,0,0,0,0,0,0,0,0,0,0,0,55,19,West Ham,6
Declan,Rice,2,2,1,86,2880,37,343.8,561.2,303,2,520,121.3,11,0,2,1.8,47,19,West Ham,6
Tomas,Soucek,2,10,2,147,3420,47,271.1,889.8,925,16,555,208.8,11,1,7,11.2,52,19,West Ham,6
Pablo,Fornals,2,5,7,125,2571,33,441.3,491.8,631,10,430,156.5,9,0,3,0.5,58,19,West Ham,6
Issa,Diop,1,2,0,42,1379,22,17.4,375.6,48,1,234,44.3,2,0,3,0.6,43,19,West Ham,6
Ben,Johnson,1,1,0,25,516,10,63.7,98,28,0,104,18.9,1,0,1,2.2,39,19,West Ham,6
Vladimir,Coufal,1,0,9,128,3054,43,670.9,693.8,220,12,625,158.7,9,0,3,8.6,48,19,West Ham,6
Craig,Dawson,1,3,0,75,1925,25,30.2,433.6,219,3,336,68.4,7,1,3,0.9,45,19,West Ham,6
Saïd,Benrahma,2,1,6,73,1376,19,371.9,301,371,4,255,104.6,3,0,0,0.4,59,19,West Ham,6
Frederik,Alves,1,0,0,0,0,0,0,0,0,0,0,0,0,0,0,0,40,19,West Ham,6
Ademipo,Odubeko,3,0,0,0,0,0,0,0,0,0,0,0,0,0,0,0,45,19,West Ham,6
Conor,Coventry,2,0,0,0,0,0,0,0,0,0,0,0,0,0,0,0,45,19,West Ham,6
Jamal,Baptiste,1,0,0,0,0,0,0,0,0,0,0,0,0,0,0,0,40,19,West Ham,6
Nathan,Trott,0,0,0,0,0,0,0,0,0,0,0,0,0,0,0,0,40,19,West Ham,6
John,Ruddy,0,0,0,4,91,1,0,25.4,0,0,19,2.5,0,0,0,0.2,43,20,Wolves,13
João Filipe Iria,Santos Moutinho,2,1,1,73,2526,40,726.9,478.4,113,4,446,132.2,6,1,3,0.8,51,20,Wolves,13
Rui Pedro,dos Santos Patrício,0,0,0,132,3330,51,0,763.6,0,12,626,76.1,10,0,1,4.6,53,20,Wolves,13
Ryan,Bennett,1,0,0,0,0,0,0,0,0,0,0,0,0,0,0,0.1,44,20,Wolves,13
Willy,Boly,1,1,1,68,1879,29,46.1,414,182,4,364,64.2,6,0,2,1.1,54,20,Wolves,13
Conor,Coady,1,1,0,106,3303,51,40.1,692.2,85,7,606,82,10,0,5,6.3,49,20,Wolves,13
Raúl,Jiménez,3,4,1,43,824,10,96.2,177.4,275,7,148,55,4,0,0,4.4,81,20,Wolves,13
Romain,Saïss,1,3,0,99,2407,40,101.2,584.6,347,11,466,103.4,8,0,2,5.8,49,20,Wolves,13
Jonathan,Castro Otto,1,0,0,16,496,4,31.8,61,14,1,58,10.8,1,0,0,0,54,20,Wolves,13
Léo,Bonatini,3,0,0,0,0,0,0,0,0,0,0,0,0,0,0,0.1,48,20,Wolves,13
Leander,Dendoncker,2,1,2,77,2498,33,261.4,386.4,343,2,330,99.2,11,0,4,0.6,46,20,Wolves,13
Adama,Traoré,2,2,4,94,2640,41,751,475.4,645,5,359,187.2,7,0,4,5.3,60,20,Wolves,13
Rúben Diogo,da Silva Neves,2,5,1,104,2670,42,455,697.2,445,10,502,159.9,8,0,8,1.4,51,20,Wolves,13
Oskar,Buur,1,0,0,1,22,0,0.5,0.6,0,0,2,0.1,0,0,0,1.4,39,20,Wolves,13
Daniel,Castelo Podence,2,3,2,75,1661,24,322,285.6,456,5,240,106.2,8,0,3,0.9,53,20,Wolves,13
Max,Kilman,1,0,1,58,1307,11,67.4,249.6,78,8,258,39.4,5,0,4,5.9,38,20,Wolves,13
Rúben Gonçalo,Silva Nascimento Vinagre,1,0,0,1,172,7,25.3,31.2,0,0,24,5.7,0,0,0,0.7,41,20,Wolves,13
Matija,Sarkic,0,0,0,0,0,0,0,0,0,0,0,0,0,0,0,0.1,44,20,Wolves,13
Morgan,Gibbs-White,2,1,0,22,407,6,112.8,85,114,3,87,31.3,0,0,1,0,49,20,Wolves,13
Pedro,Lomba Neto,2,5,8,124,2549,38,1007.3,594.2,722,10,492,232.5,9,0,4,3.7,55,20,Wolves,13
Bruno André,Cavaco Jordao,2,0,0,0,0,0,0,0,0,0,0,0,0,0,0,0.2,43,20,Wolves,13
Leonardo,Campana,3,0,0,0,0,0,0,0,0,0,0,0,0,0,0,0.3,47,20,Wolves,13
Fabio,Silva,3,4,3,72,1352,29,166.1,238.2,758,5,198,114.9,0,0,2,1,52,20,Wolves,13
Fernando,Marçal,1,0,0,19,618,9,61.7,102.6,13,0,104,17.9,1,0,2,0.1,47,20,Wolves,13
Vitor,Ferreira,2,0,1,26,509,8,179,80,72,0,112,33.3,0,0,0,0,47,20,Wolves,13
Ki-Jana,Hoever,1,0,0,13,573,11,59.7,100.4,26,0,80,18.7,0,0,1,0,44,20,Wolves,13
Nélson,Cabral Semedo,1,1,3,109,2983,45,412.9,595.2,297,11,548,130.7,9,0,5,2.9,51,20,Wolves,13
Meritan,Shabani,2,0,0,0,0,0,0,0,0,0,0,0,0,0,0,0,44,20,Wolves,13
Rayan,Ait Nouri,1,1,1,54,1400,23,234.5,243.2,196,6,264,67.4,3,0,1,0.2,50,20,Wolves,13
Owen,Otasowie,2,0,1,9,185,6,25.9,38.2,34,0,33,9.8,0,0,1,0,45,20,Wolves,13
Theo,Corbeanu,2,0,0,1,8,0,15.1,9,0,0,5,2.4,0,0,0,0,44,20,Wolves,13
Taylor,Perry,2,0,0,0,0,0,0,0,0,0,0,0,0,0,0,0,44,20,Wolves,13
Luke,Cundle,2,0,0,0,0,0,0,0,0,0,0,0,0,0,0,0,45,20,Wolves,13
Lewis,Richards,1,0,0,0,0,0,0,0,0,0,0,0,0,0,0,0,40,20,Wolves,13
Christian,Marques,1,0,0,0,0,0,0,0,0,0,0,0,0,0,0,0.1,39,20,Wolves,13
Andreas,Söndergaard,0,0,0,0,0,0,0,0,0,0,0,0,0,0,0,0.2,40,20,Wolves,13
Patrick,Cutrone,3,0,0,2,23,0,0,0,4,0,5,0.2,0,0,0,0,59,20,Wolves,13
Nigel,Lonwijk,1,0,0,0,0,0,0,0,0,0,0,0,0,0,0,0,39,20,Wolves,13
Willian José,Da Silva,3,1,1,40,1106,13,165.9,89.6,256,3,131,50.9,5,0,0,0.2,68,20,Wolves,13
Hugo,Bueno,1,0,0,0,0,0,0,0,0,0,0,0,0,0,0,0,40,20,Wolves,13
